0x6db0894203e0e0e469add61f1c95e84432858346, 5.5126828E12, 1.586991E-7
0xa2dcb52f5cf34a84a2ebfb7d937f7051ae4c697b, 7.96054E11, 2.2916803E-8
0x7e0e2a962fb6a6842d6d1c4973101e139ea77811, 5.1037251E12, 1.4692604E-7
0x8be1a00007e646a02b4fb613606795a6a617bc4f, 7.958762E9, 2.2911682E-10
0x3650e0d4e30f5d59f2796d20bf242bdba311a6da, 3.04194079E14, 7.0252895E-6
0xf6309fb59b7e63f3ffb76e0dbd29e4eadae02426, 3.10400076E13, 2.035474E-34
0x3143cf35ba7aad7d344a27b4207e47a1ab06bacb, 5.0E9, 1.6177475E-15
0xabfb11cd8954babf095cda897ebb44a92b87e3b1, 1.96329996E11, 5.651948E-9
0xbf8887fc01b2cb22dddf6129c7dc6302ca59a350, 6.76344E12, 5.7462405E-8
0x0f0f18e805f430a383e7c7f64cf5071965725c16, 1.42542197E14, 1.3489662E-6
0x5ac0992b2e118f1c641ebb14c71469a909cb9f3e, 5819.0, 3.0901433E-31
0x0a45b77a3c4d600c6e5999a76bb70f2d53a794a4, 2.50999996E12, 7.1826917E-10
0xd9f146aaf37f6940621d55c370876521677ff2cb, 2.0150987E12, 1.7172905E-8
0xfc907b07fcf3ed79be48b7139741ec6bcd7c1365, 1.07479368E12, 1.4122809E-31
0x931be42120ac01f548eea17ad9ea92d3a319091e, 2.01938567E12, 6.122822E-19
0xfa29e806425f551c1ea6fb9a6f5ec22bb1eb4bb7, 1.61339003E10, 4.644627E-10
0x36b8bb45e3b0dcd2d51d4d1efab37e088367f5b5, 2.03000203E13, 8.504632E-8
0xa6024cefa71e107bbd9d8d0845d150653bcb722f, 2.82811171E12, 3.5835416E-8
0x61342793cfed2f03146958c9211d4d82c16122c3, 2.67760446E13, 7.708287E-7
0x276701908a96a8be34a6f9f19654e49da202d436, 5.2770641E12, 6.4675474E-12
0xcdf9324ea60df5f892a5611793b3ecb52d7c8d0c, 3.01000006E12, 3.547475E-10
0xe817399ffa34e5fab618d9f9ea6878e2023bf1be, 3.06443374E12, 8.5520576E-8
0x571456f6919ff85fecd0e9d89313c0f1f7424b9c, 5.7871916E12, 1.7546891E-18
0xff235b7f052c243dac2e8ada024cb0d7188513b5, 2.3E9, 6.9736506E-22
0x2f3593fb5a2b151f1586c77dd687b045fe4e79cc, 2.11007642E9, 1.8312069E-9
0x6dee7de554102dbb6e0eea0ef21480c1cdc66bbb, 4.7961631E13, 7.5669E-41
0x358e8e4018b87e05fbed0a8c2b80370446b3d6f2, 8.7566582E10, 4.2E-45
0x903c82db5fb4660ddc316ba334a7e9e09967e774, 1.95853992E11, 5.638245E-9
0x780fc64eca9ed5be18d19d74be50cdb41e8103da, 6.4006951E12, 1.3064673E-35
0x70a50b5dd7a00b7d3bde12a4244c9bbca438a410, 2.12339825E12, 6.112838E-8
0xba7d524afc9586bd9e61d6f3f6d8e694cd2c4bdd, 1.79906449E13, 9.564143E-8
0x5dca83bb6fe34e43356db2a4f3a10ebcfccf532c, 2.68687081E11, 7.734963E-9
0x03d509fd2dd159cff15dd9ed45878158ac6847dc, 1.5630051E7, 2.918153E-8
0x02c3c6bc651c8f52febc244d711f1ca8569ab008, 1.87833467E11, 5.4073492E-9
0x5dc8d2dfa7f26f00b7d63337823eed1b32fcd0d5, 4.99999993E14, 3.26892E-40
0xcccd9a2cd9de8d59347171a8636a3e99a77e7ccc, 128.0, 7.344289E-7
0x1f7e07a56f47de1e03ba3f83ea9776e8c996f57e, 6.6211099E11, 1.906085E-8
0xb13fd9bdb988611d471f33eff1b205652862c34a, 9.5228998E12, 2.7414524E-7
0xdef254bb0201f543be10473336aa922de7651888, 1.0E12, 2.8787998E-8
0xcc3a0f3ecf9195e6a63a1e4eb8bc321946366cce, 1.64933581E10, 4.7481075E-10
0x11d5736d22c734387b8d80428064770719207f68, 4982.0, 7.5234226E-8
0x2d0ceb3ae63817b71a980fc4a68a91dcb7752812, 1.75774651E13, 1.514151E-18
0x687b7961b1eb50068a2d5465640cd9c3894808dd, 1.80657154E12, 5.200758E-8
0x498721f63bd99676403cc345378b039b4a87ba44, 1.21310565E13, 2.1508872E-36
0xe4f70d3d18215bc9430204647ca74d052bf588b8, 1.55002175E11, 2.0367312E-32
0x83f9cd26d38cc3081b09782caa5ce0f0ccec679d, 3.7164092E12, 1.7730793E-8
0x085da0829d1e2338f18312aa3ff872ff8053d355, 2.48659811E12, 4.90288E-32
0xb13f22b40fbe0165dd3708ddf15a7eeff4143341, 4.2864718E10, 1.2339895E-9
0x1710c1cc43eaa38a7174d196fb319b514c8ce1fe, 8000.0, 8.551059E-19
0x63cc39b9e80313affcfd878a0a89b6c91b762785, 5.4998692E13, 1.6345E-41
0x779d603e725b53af00d15a418e1f4b886265432b, 5.31241042E11, 1.5293368E-8
0x0df50fcdabc738fedeef054e9bdcf6921be774aa, 1.59105997E10, 4.5803436E-10
0x756a98569b714b17e3c9c0fe0f5b3e8c74c86804, 3.21798287E10, 9.263928E-10
0x5e40d97fdbfc73e832ae06c10422b6d204f1bfe4, 6.0006133E13, 1.439615E-6
0x5c00129a92029fd396b4873db40da89d1c948e04, 5.1151834E12, 6.695307E-8
0xfb14b4cd78527c11aa811b4ae864a62babed00bc, 7.2261687E12, 1.8845677E-7
0x888abdcacee172e5f8b8528ce68c6ed19fd74b46, 2.28043686E11, 6.5649215E-9
0x17d0d1272f005f748dff6c8474f0809182751bd7, 6.9182888E11, 1.9916369E-8
0xf6407f4333197dc83b63b51195c2f9151ba54b6c, 5.8349029E12, 3.9068412E-19
0x0e4ac7529e2ab29f3ba563a94cef1ee309cf5e52, 1.33305467E12, 3.8375976E-8
0xf37fd25a7fb825af1838d5c074d762bfc503d110, 7.0426644E11, 2.0274422E-8
0xc321ed88448639ff61a4575105ee09c2500e58c1, 3.28025233E13, 6.14E-43
0x3ba343f2fe1b4f412c93d50d7de03c2a7e7a6856, 2.27644228E11, 6.5534214E-9
0x30c8734cc56e8446f18784f3cca4e387dceb387b, 2.99305402E12, 8.616403E-8
0xfb0cd50743109cee8d572f08a9fd500aaf440579, 9.679715E11, 2.7865962E-8
0x417b3f83fa4c5e67e4188ca1507c99a3ccd30a74, 1.67063994E13, 1.4051334E-7
0x063e22182d3fa4b6d9d21e5e32990d4d48be0bc1, 2.5005945E12, 3.362095E-32
0x2fa8e441c6ca7701226c236addcb1670959612cf, 1.71391451E12, 1.3355172E-8
0x4639ba37f5f944bc7b2ae110682e542d3f08c87f, 1.10928527E12, 3.1934103E-8
0xf43f6b9bf1a88075a3fa4a8791958586ea199da5, 5.391589E12, 8.0323936E-8
0x5d91e1c45540188fdfa547be3b321c37f2124f22, 1.32679886E13, 7.3955E-41
0xe769d85072672dd5e763816fa2c60627b5bcde52, 1.27106967E13, 3.6591553E-7
0xfb26000023bed7e3dbe15b37853f9bc43f0d3719, 1.27013736E12, 3.8510846E-19
0xbbd0dc50b441f80803b03a4a5c54f28ad9acbfe1, 3.17728007E13, 9.143874E-7
0xbdcbf01d5a0fbe303a4863b7331f4c3b87db7cc2, 5.1220411E14, 4160360.5
0xcd0038305794b0bb20e8104d5c1d149874f06d2e, 5.416358E12, 1.559261E-7
0xa99403a37f8f56eb4ff7bb51c214c6c3ab0cb839, 2.5932836E11, 7.4655455E-9
0x87f0208866bdab258628851e468d8da1dc250521, 1.26294124E12, 3.6357555E-8
0xd97d49eb5de6e8ba7c60f05ce6f40c3e028123ab, 1.20925966E12, 1.3934159E-8
0x940f1f14b07f5ae11e7ed1b637fc6a5a4caccc2a, 2.0E10, 1.4394E-7
0x01bad82ac04051da6f2fa65915eacfb73f4cf223, 9.6030907E12, 1.2618478E-30
0xc881d04c61a2a2f897ff04436ac0169595032ad0, 3.0270001E12, 9.700615E-13
0x3e05fa44db3d6f9166a28699030b9c68260f92ec, 2.17258246E11, 5.413804E-20
0x2883789df09434f547883b4b49ad3f46ca7f9d68, 600000.0, 9.564525E-7
0x13ec3f7bca98a1d586a9a8e0c4b0eb796427db91, 332000.0, 1.3960054E-7
0x0bd67dab3b3050d74c139796e9f00d8329299b22, 1.59999999E13, 1.861202E-7
0x3da9e0df41cdc6f847a4b6d067e92451b853d503, 3.04577806E11, 8.768186E-9
0x287550958be9d74d7f7152c911ba0b71801153a8, 3.11769314E15, 3.62432E-39
0xd9075be0db79b5c95f01502bcf9523b6b2c5f143, 1.20037143E13, 1.6709714E-7
0xc86a187f919a3ff0711d8dfdd3b835ec52a731db, 4.1352717E13, 1.5296973E-7
0x753718fa71c331755e220dc61637d6f42b06f5d7, 2.40501155E12, 2.608921E-8
0x57d2ff683455d1b2b8ed594fe1b7d498c5c9e655, 6.202175E11, 1.785482E-8
0x7c612b934430387ddb1daf0a8f2f580d5eff4ea2, 2.13782774E11, 1.5955804E-9
0x0928c592373cfe6b8b608bdab4a5ea87c9f07cb9, 2.36090098E11, 9.8E-45
0x9242d9bcd6422bf4ab6f78ae7c3ff49d4eae6299, 3.4791945E11, 7.2327387E-12
0x28bf51f47e903925c00a03264c7e7a0576785600, 2.48332828E13, 2.8747345E-7
0xdc709bc27ec2272732db09d85b47b98383834773, 3.76974633E12, 1.5325936E-8
0x6718ebdc5bd477f2312d1815f19ed011e903887f, 6.5800002E13, 4.95E-41
0x5b2dc50cf17e7b85acc3331e8442efb945bfb8f9, 3.00665432E12, 8.655556E-8
0x961c26543da1b75dab96ae986a921fffc92cfa7e, 5.2763268E7, 1.6418558E-18
0xe9e2e8096c746bad8bec987ff9467de3c9ed075d, 3.90540008E12, 1.12428644E-7
0xb3137b8bf61aceb6525e4e1d06d5de775d2a0b8a, 9.9999998E12, 2.8787997E-7
0x99d65b8d63cda84ac477fbf58f20b0568931f9e9, 1.2939091E12, 3.724906E-8
0xff879c932f9d6400bac6c3d14d920aa0bcb2e62d, 1.76053993E11, 5.0682423E-9
0x6d9235aebc3cc8db941196fc490a2f60d640a601, 2.11885731E13, 3.2084802E-8
0x954930f7befe4bba3be49d10b6de611db94b603b, 2.3493123E13, 6.0915404E-8
0x90e3ba73c3a5c018a4e1646eca4f75249f1b2a40, 4.75232698E11, 1.3680999E-8
0x8ed2968e68d9fc21e805903d378ccbcadfa608fe, 1.4716211E12, 4.236503E-8
0x5aae6eb040bc59f47a50ee616476091b85267772, 9.9405259E10, 2.8616784E-9
0xbd4c40e3191a6e271241e29500cb269a99745675, 2.7899999E11, 5.8000033E-12
0xfb5b840a85d41bf28081a31b186fce24eff5ab5f, 2.53253992E11, 1.533076E-9
0xb3bf32117f1e28149c3e3f403a7f703659c55a44, 1.58307252E13, 2.7317247E-7
0xa41eff1b93d67d02c1ff45db41a2debba388a0ef, 2.69605405E12, 5.644002E-9
0x132b9b39230f19622793749693d1765f32ba3bc4, 1.91537388E12, 1.1957784E-8
0xb0e96399485cf77bc97f64c27da250ef2582a1fb, 5.0E13, 2.0176877E-7
0xc79fd37f932b7809cfcfdb991f2d50a87d80b4f6, 1.65122566E12, 4.753548E-8
0x3f90f0b93d066a6a161b2b7cca429decc187faa1, 1.8726601E14, 1.22431E-40
0xde1c967c8190cc95212f64ca8878f5658009626c, 4.31559986E12, 2.270274E-8
0xaa9bdb711a1ff305f398777c65ac70be6bf0fa5f, 8.9275002E14, 9151770.0
0x1f8bcc2dcd6df2f77afdd5da7bdab6d8a6c93ef3, 2.10677321E12, 6.387783E-19
0x43ab31857192b338b677551b34759a7ba190d551, 5.0E13, 3.0935038E-8
0x94c4c463960082abed5430554e3698a19e3c9f6f, 3.7600694E10, 4.382864E-9
0x94fc295e2029b928d8268035bcf8acb1cf2a5d53, 5.0921079E12, 1.4659159E-7
0x9ea277aa2229751e8ac80614fa04277b07c03b59, 3.88189205E12, 1.1175191E-7
0xf8925d44b1bac1ffbf1defcc5ad1df074144bf55, 1.21007998E13, 1.956434E-35
0x8b8fda57fd99bbee2e2a2456b6a985abd6cc7b78, 1.0E10, 2.9562292E-12
0xc59919dee6857bc415b0c38718ec24ff2595bdd9, 2.06849366E14, 9.466E-41
0x854489f97ed5dea1c31db462914a2b08deb6f9d2, 2.49311579E12, 7.1771815E-8
0x7b44ec240142548ba93a59b0741291214790454d, 2.29111025E12, 4.71415E-9
0x19bf01982c7d1456c25e494678e565ae3b437767, 2.33839297E11, 6.731766E-9
0xba7e26c70d6c003ec059207007c193003bd95318, 5.057928E12, 8.888051E-8
0xe970539de5ec58e64c0e96a28e8836b60aac35a2, 3.24461946E12, 9.340611E-8
0x5d026c8304a6d868577b246fbc8b0d914f775bcf, 5.1857444E13, 3.2748E-41
0x4e942130f2f6e1e12a37352e4eef7ec1bf489e19, 8.383236E11, 2.5418154E-19
0x0d09dc9a840b1b4ea25194998fd90bb50fc2008a, 2.59103654E12, 7.459075E-8
0xbfeb0c3dab86b2a4e1bbd9f6bebbaf69847f7988, 3.1194738E7, 6.191534E-8
0x4d50a04adadc94b148ede1b05d17354b8dba291b, 3.41939564E13, 6.079798E-7
0x950e6e57dacde252a4d713f704a2f2f75ca812b1, 4.3414999E10, 1.249831E-9
0x082f3c7cd4c8d59d7f292d9f544d6c52e508fdb2, 5.4472532E12, 1.5681552E-7
0x28278e1dfff99f8afc86abd9dd86899a16d09839, 1.91989508E12, 5.5269936E-8
0x8ec94b09fcb334dbe005af660fdefebf1a65f6bc, 1.08999999E12, 1.9749116E-12
0x68b22215ff74e3606bd5e6c1de8c2d68180c85f7, 1.45258109E14, 1.9255263E-14
0x4f3f4ddfa4a2dced8ccca4e1ddc1ab63ec76a9c1, 1.00021452E13, 2.879417E-7
0x22948e86c9f70672d4b23b15568f6e2feac76f6e, 2.66070477E13, 4.3763578E-7
0x1468e770f53426f26d7213ae3337c754bf8d022a, 1.01058745E13, 2.9092791E-7
0x69f332d681dec087f4345513df0e6730c93572d5, 1.22965302E13, 3.539925E-7
0xc6b39bb7ba6d2f7bd99c1e136c9f2d3ae3a4e517, 2.49426199E11, 2.9968308E-10
0xf230d1a2aa2bffc5a22da2e32c778cdd2f219b85, 3.35852339E12, 9.668517E-8
0x2449ee2f74d48b3efd6bf9def981a01201aaf005, 1.88318445E14, 9.7E-44
0xc79a07848d120bb0d895a4cd6b996aff592a9f25, 1.6717054E13, 1.9337054E-7
0x575f755125b1b2be836adc33c212963a5c211d98, 5.0047966E12, 7.3712827E-9
0x241196305819af6a7c272056ae162ad36cf653d2, 1.59305761E12, 5.6E-45
0xc22fb05e97dcc675a1a900ddaec423ada2cc5ed1, 1.32E8, -1.4E-45
0x751befa7ba2c7edb116ee188f0ddce5416b3398a, 1.04310988E13, 2.8788E-8
0x522c685ff5fe332a3b6a7051d3614af924884d3e, 1.48577985E14, 9.19253E-8
0x536fe92d2b682c95ea45ff2579ee8608263f375e, 5.0290816E13, 4.2861672E-7
0xe0e27aa1278eb29bf01ba66e88c790dd8ae2c591, 9.0418348E13, 5.9114E-41
0x95a81579b30b33fc7a8976b517aded047c3bb059, 1.26573326E13, 1.676776E-7
0x0fc23e41cd8056df92957de3263af48ef028752a, 2.82687078E11, 8.137995E-9
0x730fbd4215cd63cec6a9446afd6c85bdee52c2ad, 1.02640296E11, 2.9548086E-9
0x69df0708c617ba611f0819376c19801afd6c0170, 1.76635134E11, 5.084972E-9
0xba4676a583b24d44aff4b5433ad9f8c1fbd3bb2f, 6.4007774E12, 1.4416345E-7
0xdebbd405700884be9102456abaa63457dbec0be5, 9.9936192E12, 2.8769628E-7
0x968f6331f8e84b92bd6f8cf28eda7d09faf47e37, 1.46110808E12, 4.206238E-8
0x7f97ea5495b1358eeca259af8482683bb2a80b64, 3.23020626E12, 9.299117E-8
0x1a7fff0fee68ec322821fde4a7d3898ca9828b00, 2.38151407E13, 3.113463E-7
0x33ea90d236ff33e95aee54b13239e22384c00635, 2.83464145E12, 8.160365E-8
0x36953d7e9d830cc906828e2b671aa985013fa57d, 1.82273324E12, 5.2472842E-8
0x2ba1be22a6300314d51bc00f82c609a8ebd18181, 1.16227163E13, 2.1321014E-7
0xe5e4c4294c2a7a01a15ba6baf42426e8b22c3d86, 5.40517564E11, 2.8630815E-9
0x4a08ee189a52e04919cb0ac0e4a35d1795f6e980, 1.55107805E13, 1.0099373E-7
0xc3f3815b6b3990914257c2872f3cee1368645c84, 1.19793024E13, 7.522174E-8
0xea969747b397be2bc788fa17ad6bea30fe673b47, 2.64000006E12, 2.4528599E-19
0x4a2426efca23a7fde4bb7ee478d3748ac9744291, 49300.0, 1.7249773E-8
0xe8d7121cb32622d8cf1702bf507f8cbda786f7b8, 5.9250001E13, 4.39017E-7
0xec77416daee15cc0c97347ff23245b311e362878, 1.49655732E11, 1.1189087E-8
0x173766ace07dd348a7f521cf27c49398320cc092, 3.11883999E13, 8.9785163E-7
0x06130120ff2b29c9d2c4838f042c57453c2de442, 1.82798238E11, 5.2623954E-9
0x88e4cfa6fc638583bc55f8c261e648c8e2002488, 1.89250968E12, 5.448157E-8
0x9f5ea6af1ce2e330c369b67bf31bdccc1e9a1123, 1.23192517E11, 5.6E-45
0x2a0e96141adb8f65469a610ce5d399699a77884f, 2.7844882E14, 1.3332902E-32
0x04f1b7b746493dd2d160225726dbd5c73e31ceb8, 1.0679259E13, 3.074345E-7
0x19af47bc80212215e70f14c7f28f4c8d3f5b83b9, 1.17769044E12, 3.3903355E-8
0x558cd3f1d60a1f5bdaa70474a5161f29248b2b76, 3.26188558E12, 9.390316E-8
0xb032ec905759b464a75ebbd41703cccebae77934, 7.5000001E12, 1.41196E-40
0xf92a643570cf54dadfe760ea576aa7be4414f187, 1.99605394E12, 5.74624E-8
0x50b998b2fc20a4d63b9903284dbaeb5394985d44, 7.0974905E11, 2.0432253E-8
0x0d7d446f776256282e4f5b8061907a75af7c061f, 1.38371003E14, 3.9834244E-6
0xc4d0ee5b642d3b429c58cc4d10bdcd92312ac180, 6.7901201E11, 1.4762125E-8
0x9fb84dd30b8605ca74cb8cdc8c3ba1c43fab9e4a, 4.52661152E8, 8.551344E-8
0x915c3143c73e200b7833236691c8651657f36e0a, 7.4062283E10, 2.1321047E-9
0x81341baa95a2aaf2295f8eb0d34cd1e47547cbad, 1.05934796E12, 3.049651E-8
0x02f668e77f1e6ae8ab3711ca78a430e7e07af2ea, 1.00001005E13, 7.5185355E-8
0xa62a5890ea4a12088f3d07cdd5577311de603022, 1.01372944E11, 2.9183242E-9
0xaa6312a204bf35712f467bcf9e0c21a5b4a19243, 1.5452314E13, 4.448412E-7
0x1b3f8c61f726330d4ae983c30a437f41ce5b40a0, 1.12363118E13, 6.644543E-8
0x2b5634c42055806a59e9107ed44d43c426e58258, 6.4785817E14, 0.0019361171
0xe6392c5152cbe06d79971db7398fb23f8cf3a740, 4.99999998E11, 1.4393999E-8
0x590f388c7960367c6aada8716d2f39ccbf699388, 7.8955004E10, 2.2729563E-9
0x67aefbef23dac75f43e7325debb7fb8d588a8c7f, 1.00100001E12, 7.525979E-9
0x00bc2f60c7531c79048fda2529c81009158980f7, 2.00657273E12, 5.7765213E-8
0x8c921a01d6366b16df94ab06736ac9ff609c7fb2, 3.10175203E11, 8.929324E-9
0xd8fd0eac52fd065b602fe515135290df2c2493ba, 1.10187135E11, 3.172067E-9
0xeccf61ce32af9917113474b81661202007764c5d, 1.49526859E12, 4.5336875E-19
0xb00c50d1c86fd29b41b60167b182f52fa20d46dd, 8.2557757E11, 2.3766727E-8
0xa11fb9601df3f0894b3c74ec94afeaf0a8c41d28, 1.05801497E13, 8.5817E-41
0x5c84d541a20c77054b0e3595fb41e7cf4c0fcdf8, 3.8777385E13, 2.5352E-41
0x517773d98f57ee7f188a0d1a9fb28be034f847f5, 3.60675279E12, 1.038312E-7
0x4c12748aac104a31c5454a950454b3a3a05865ef, 5.0686251E10, 1.4E-45
0x49a286c00595c4147737f0e5895e1a383277a5bf, 2.0001E13, 3.904E-42
0x2e17d1e10a8eb173ebf4c3a3b13b6f4ce607e581, 1.4286E12, 1.3273316E-19
0x6251a3b99a04f65eb5b0ab3071024a767cc66485, 1.28406979E10, 3.69658E-10
0x6c82a396161ca04e0bbd20730f7ded84451f9ef4, 2.50006497E12, 1.9555111E-8
0x463a9040b50030435270e06e12b9ae2ec07f3d48, 5.1682036E12, 2.3800892E-7
0x112e9d7f2114e8af1815c9c977000f59122e63e8, 8.9960544E12, 2.589784E-7
0x6282c40650823f7cfc1d89115072e01ac52cda6f, 5.8801468E11, 1.6927766E-8
0x764238c7f262909533f06ddcdaf80acf8da8ce8d, 2.80504828E11, 8.075173E-9
0xf2452a58921f53a428af44892590270c7a12a658, 1.18039735E14, 2.3144784E-7
0xad78851333d19c5f3fce820c1d9e2b7bcb756b51, 2.96580907E11, 3.8970782E-32
0x59ca05bcb6994999c69a30a4c548d330ec98ba7b, 5.8072203E11, 2.8515523E-21
0x59146130d42978f32697214f41b14b9473917ef4, 3.46337575E12, 3.6294754E-8
0xa9a2e6455b22c06ae366e70ae607e39218b4fd3e, 8.727782E12, 1.185942E-19
0xc74d146e2a44ceb7d5cfb7799504943349d33f51, 2.29499994E12, 6.538E-42
0x2395c4982630e2569b31abb55c7feae7c4ef66e1, 5.8971908E11, 1.6976832E-8
0xab4018f811bca56959b030351472bc695caae72e, 7.0683009E10, 9.431432E-10
0xccec5e2516fa1574daac4c3d9daa23b7c5dd3c6b, 3.83362348E12, 2.8787998E-8
0x4942b5061e9e99795bd4f131c3381d39a8cdca64, 8.0261672E12, 2.3105729E-7
0xcda0d983a5c266d9957851fd909d447b77ef9f78, 7.5520126E12, 4.2249265E-8
0xb111a3c5fa225a45fc9b72ade7b1e599ab24db4c, 1.93101496E12, 5.1705058E-8
0x0f5bbc22d0bd682d1ad54d6175e52d621308ef60, 1.99999997E13, 5.7576E-7
0x881b3e7746a6fef7777f78a23981a799c5427b9d, 4.21813761E12, 1.7891584E-7
0x925ed515bf4123e3731583a9ae65af5e7139874c, 2.70104894E13, 7.77578E-7
0x427d5153f778c3c46e8097b98ddaa9519c0c55b6, 3.22375065E13, 9.280532E-7
0x29a3223826d235a8cffd32d1df473646c2e89003, 2.95770456E11, 8.51464E-9
0x7b2b04e237594dc17101ffccf6c2631c76ef6714, 2.36336103E11, 9.596796E-10
0x969daad7a9b0c7660f08afdf585db26a5bd30fa9, 5.32211139E11, 1.5321293E-8
0xc1fea32cfb7ad9e580a6b8d1db9cd6164936c479, 5.03358255E14, 1.89171E-40
0xb1e053a6a6f7540c8b7722943de9b965dd2687f7, 8.5738898E12, 8.848877E-20
0x3f69aa76ef71b3ce3fa341f755129c901e0cf17e, 2.20725615E12, 8.974565E-9
0xad54ebf2004a12210107e32766b8e291530a547b, 3.06456885E13, 3.1301133E-7
0x002c469798e29005d824a770e348a3f8ef8eb5d7, 3.06644831E12, 2.8674402E-8
0x32e567e8b527d3194c60ea3c6a5c009d58a0b36d, 2.28218775E14, 9.8882065E-6
0x5f5229d24de56ec10e39a84a838f884330f2cd44, 8.7134962E12, 8.489212E-9
0x7d7e8dca3c03fc6c9d2c8f751640fefe4e7791de, 2.95754007E11, 8.514166E-9
0x6d6a31edcbe9897a01e2bcce135aa817ed95c867, 3.97733495E11, 1.1449951E-8
0x25320ed802583713613fb62ebaaf85cdbc47987a, 6.0792331E12, 1.4860542E-7
0x3dbe0a3e0fa494c5c012cf5b6b2caa5ed5312376, 2.61934259E12, 7.540563E-8
0xded0411caa3e2af1c388c4bf0ff6b138c38ece7f, 1.84297796E12, 4.3123787E-8
0x4e0b838fc9596b696867565881008ea6a0b708f2, 1.40178995E9, 1.8419546E-34
0x1f06244d905d5934d4af5092a087fff8caf637f6, 9.0386014E12, 2.068434E-8
0x629ca8804f94326379c6162f4b0b39d7a5ce2dc7, 7.0609834E12, 3.029282E-8
0xa4fbf18f53d1f5fc2bde4fb9504046ba61ce7345, 2.07024281E13, 1.7857734E-7
0x822bc6ab2059516f05551fba88619f8119f99fdc, 4.81869726E11, 1.3872064E-8
0x0605738aa3bf528b262aca6a6ed44725df1ab53c, 3.54563654E12, 1.0207177E-7
0x29813856a84d417b664b28704abbc68ed8b5847c, 8.5500981E12, 8.371706E-8
0x0f9db8c9963110ed3a50ca9745eb7fe8d377a70d, 3.6855605E13, 3.3985978E-7
0xfc6ec7286a4ca5d92d4d1433b5a3d4cf0440e4c6, 2.40523313E11, 6.924185E-9
0x999f19517cbacac8f1dc7770b346c103e2ec4449, 1.24612785E12, 3.5873526E-8
0x9b4b129ab2d7c2b38a8b642253d4264aab2f3057, 5.0798998E12, 1.9000079E-7
0x3e6a10c664135b55c98c1c3fa6c61d5ea7923bac, 1.05306407E14, 5.2302E-41
0x70137010922f2fc2964b3792907f79fbb75febe8, 1.11946058E14, 3.00564E-7
0xb5ef60ff34866629ebae01f498a2d0ae047f4f86, 2.17127563E13, 6.250668E-7
0x027d59f5e3308c0f328d15b4f915c0ad3b46996f, 3.79177894E11, 1.0915773E-8
0x5322de604fce4665990cad09948a78ae4dd78f78, 3.4960541E12, 1.0064439E-7
0xd4f68ff305562b38279d844bc1d7b75ab2518a44, 2.33577225E12, 6.0503447E-10
0xbeb1ebf6bf2ae8ca2482fdc8e22340277d4d7fdc, 8.2989568E12, 4.047951E-26
0x7544b7da3bd457908108ab38e2a0dd65de3a6b09, 2.02345323E12, 5.8251175E-8
0x1f5fef698421f5b770146399d5899ee08b27bbe0, 3.50001289E13, 3.6088608E-8
0x475fd868b88cc0f04ad5f5aa074fda076a2a5a32, 1.65705564E13, 6.18E-43
0x2ca46f6949be6ac5969c64bcbe9f331ec451713c, 6.3741808E11, 1.8349992E-8
0xc4be72d0aba99e3de6a18f478339dd2ad15a7b6a, 5.0161438E12, 1.4440474E-7
0xe9bb44b31719dc63fed6d84640ccc85cd86c2001, 1.36226988E13, 1.7785452E-7
0x84c64527354dfb74559fab83605d4785647a02ca, 5.0649445E12, 1.4580964E-7
0x88e53f775fb6e2c1da0f4140e3d411af20ca6cf7, 3.9739998E10, 1.4E-45
0xb4163b1f5476abda76cecd5730adb0a03b25cbd9, 1.14300002E11, 3.2904683E-9
0x394e524b47a3ab3d3327f7ff6629dc378c1494a3, 8.5120211E8, 7.6211335E-14
0x2ed3797c71fd32c452f8e08c044144b456d357cb, 1.3426764E12, 3.8652967E-8
0xd5e542aaec6fd1bcd68c97237de67c923401e7dc, 504271.0, 1.0910651E-9
0x93b3388d1cc926939bfbc4e8962048c7f4733ea3, 1.92712897E13, 3.695E-42
0xa7b5400973ee73d360f4adc88a011d7be388fd64, 1.40000004E14, 1.00758E-6
0xc897f9b0b27cb4254e75e6763881f7ef70476032, 1.31127009E11, 3.7748844E-9
0xbf276120529ad10a173b7b6e08295ab8cb4a359c, 5.4225923E12, 3.516336E-8
0x6e236b6a8dfa8b064b75fdea28f587be6d14ce51, 7.9204993E13, 2.4528599E-19
0x1cc7e059c594ce18302ea346697fba50b7427819, 3.21429805E12, 5.7980582E-8
0x0d17e55cb725e073f77453a0acdab2d3483d2b89, 3.00060277E13, 5.386431E-7
0x71f6284c49cd3ca12a034b76335b32ddefa93477, 8.3180002E11, 1.0840759E-37
0x506dcb8ae57358fb687ee843cdec55a8e89f189a, 2.22039491E11, 6.392072E-9
0x7a4d0296019a0e23254c47a1d1c639bfd087f525, 5.42314791E11, 1.5612157E-8
0xd23083cfed29aa22ec95313bfc560fef9ebb027d, 1.82133054E14, 3.4389E-41
0x41810ac81d7f628b3aece8ede0571922e14b066b, 3.95654005E11, 1.1390087E-8
0x6710cff1f633dc5d6b5a4572d9167580dec0514c, 3.07344E9, 9.318738E-22
0xfbb05b6c478cc388f54b9844ff7d635ae752ccf0, 1.86107412E10, 1.4E-45
0x8667b9b5fad37c54300befeca559cc9195b5df64, 4.9999999E12, 1.4393999E-7
0x09b8d76d0d5723bc77af09eba85f2c7c72ee341f, 1.96595974E11, 5.659605E-9
0x531c96fdce322791479a68a2c5067fe9123c1010, 2478.0, 1.2711799E-11
0x9528f21de107a2c9b262ce95e4b1a3a8e215324e, 2.55229192E12, 5.305843E-11
0x6a728be0a9aa7be836f763262fe3a1d33cd0ebcc, 1.17181747E10, 3.373428E-10
0x44a60c18140ed79ca056963a57378a9ce17b4b6c, 3.09984913E12, 8.9238455E-8
0x0b25f0a7632ae3cca5e609f78f98beef538ea033, 7.3708103E12, 2.234846E-18
0xd1e724026b6b04c83737e604af9882cec1319d49, 8.1458274E10, 2.3162328E-9
0x8e478642acc9bc2503fbecf37fb84b1beec0cbd0, 1.919836E11, 5.5268234E-9
0x22964cde186b47546d05f091b116ec2c003a1fcc, 3.29380864E10, 1.4E-45
0x729c7386f54879604c653ab4622eb96fbb6bab22, 1.48348003E13, 4.1447333E-8
0xd17189a75a9a1ec36c1fa8aa0a68ecca92d5e84f, 3.27475297E13, 8.086865E-8
0xc2fd295f60c0fb7724b2c677e92fbd506f6168a0, 6.0317626E10, 1.7364238E-9
0x4e7908398e1a805f9c98d0bb92edad50566c4c16, 1.29624997E13, 3.7316445E-7
0x73f7a9c1f890add603aa9488cab56c1628fc18da, 1.60124266E13, 4.609657E-7
0xb2d63db5cb1f263d7ccb8ad7ee99a6e479bff1a1, 2.20829008E11, 6.357225E-9
0xf241dd01ddde6da441a112f2cf46c06dc70b6fb6, 2.0E10, 5.7575994E-10
0x689c56aef474df92d44a1b70850f808488f9769c, 2.88266421E15, 1024.0846
0xc76bbf1172417c106a13295f2a218f2d10be7512, 1.76280463E12, 4.754639E-8
0x3b237ebcbb63b16b529107b5b5dd279c8e83b6d5, 1.66423809E12, 1.9475944E-8
0x5cbd1cba4535aef0034e26632f32c6ee1b4ccb0f, 2.10610356E12, 6.063051E-8
0xd3c2eaee4b929b0a6375f30b57807a6dc0520298, 1.0001E12, 7.519212E-9
0xc57ea67750ded06a98763d5251f062785eabf8f6, 9.09E7, 5.8086098E-8
0x1995ee4b0b6a8fcc7ac8689bd7a9bcb395d2aa99, 7.9808116E12, 2.8235597E-8
0xad5c13e0a5a704f5b1b4f511f77d13400f752fce, 1.88235619E12, 2.5765038E-8
0x91a36c2c09b682692e52bffe11f9f8a1a9b49e23, 5701.0, 3.9320234E-8
0x509a4ec46a191a8e3341749e47106ed009097bf6, 5.7569622E12, 1.693345E-8
0xb0c2afcecf593004128e18dc181483c8e0012f88, 9.9605401E11, 1.0379225E-9
0x6e7d8b826067a868c0702f0214af5588420f6308, 8.4398514E12, 7.0350474E-8
0x10efc9375926a9af12239c24bf14ee3e5515ef5d, 1.6249643E11, 4.2E-45
0x5b0a7efa42941670b96a2b49cfba44c48dec9374, 9.4095205E12, 2.5846023E-7
0x0097922fbc4b6719859ad64f7e0716452a17fb4f, 1.81934416E13, 2.2996078E-7
0x9eac92e06ba5d849295d417e167a6537c6d9c57b, 1.00200329E13, 1.2901181E-30
0x82b61057e06a3a2c2ad95a8ec69eb58a9fab9d45, 2.98710991E13, 4.7444544E-7
0x6ca449a67351f6462e22678ef1ba683b533715f1, 3.05710019E10, 8.80078E-10
0x97a2fd209af1baf74827fccaa17da50108fdc0a6, 5.26053999E11, 1.5144042E-8
0x9a33f648e79ef08b82e932e7943d8af1a74a71a9, 5.3255307E10, 1.5331137E-9
0x5e633878fbc870f62db20f4d625b1a0dd1cd5d8d, 2.06816425E12, 5.9538312E-8
0x6223e305029f85432e1fddb85b3a9a390e31e4ca, 3.00224422E13, 8.64286E-7
0xae423552d528f553b9ec428ca925841f7add04c0, 4.95558984E11, 1.4266151E-8
0xba9edfc1b000b974d34289fd50f3cab405256c6b, 9.0976241E13, 8.370424E-7
0xd59263453a2d631ede6b48c2a44ca964f15dbbf6, 4.22753262E14, 1.40096E-40
0x0e1bffc9f06d121ce8682741af61fded2b8c5beb, 3.01000006E12, 3.547475E-10
0x0ca18783cdeeffdc31970341632514f7621d615b, 1.7999799E13, 1.3923567E-7
0x3302b54c5223b2b93f5cf59468d8192188fe42be, 4.0509215E10, 1.1661792E-9
0xd0e461c820094986e40c9599efad77676f6f9b1a, 8.1043666E11, 5.314505E-36
0x46e9b39248b8edbc78cd8ee550f71875e5297319, 9.2064527E11, 2.6503535E-8
0x1a45b4f9c211610b165062fd0a0220c019d1f97f, 1.14122175E12, 2.6991959E-8
0xe8f596d68aefc6addf7e0b4a3a1c5f462f6af1e0, 1.00493899E12, 5.8116587E-9
0xf06b6cab4eab1e28f5ff8275f4f78262f05d1a6f, 6.537627E12, 1.8574979E-12
0x5994e4f9527cf22952de5cdb905b2b342faa46a4, 4.58575708E11, 1.3201478E-8
0xdebf354e12c3ddc511e9c474c1389f569b31f905, 2.84020001E13, 1.8569E-41
0x3071618a638088c70e14400904965f9553234f2a, 4.95913632E11, 1.42763605E-8
0xb6edb01bc8f0d453e6194cd8a8b5fcb29d4eed05, 7.7521986E10, 2.2317028E-9
0xa0a15725b32dfe284768d482b76f7d7e30140206, 3.65894496E8, 3.091306E-7
0x24a5baaaeccbf693679cebd288d8dc28f3959d8a, 8.8938814E11, 9.752017E-9
0x432077efec7fe90c29d99a1c42223ca36bf3f64d, 5.21268855E11, 1.5006286E-8
0x233779987b1806725d6ac336cc473fe4e277098a, 4.6999999E13, 3.5358E-41
0xc7334f65deca14b53b0e0c5e838e011c823dcd83, 1.71706614E12, 3.56953E-11
0x9410e487c54888015e3d8ab64a775856d2987aac, 3.87388041E12, 7.270705E-8
0x43223a4b5707a96c09db09148f0de7762e08a350, 1.51856664E13, 2.8904264E-31
0xabe421ca125f7b9a2f8175f56bbba3266b2c1392, 2.40006233E13, 1.5738608E-34
0x0217890a463fb052e5a5878e495498be15c1f765, 1.02506509E12, 2.9509573E-8
0x27508ccc69adf9f6d82c33c754cb80177fa32ebf, 1.25581918E13, 2.8574468E-7
0x84765eafed50e3451f18665c902b71fae28f89b1, 2.40757663E13, 3.904E-42
0x23ae3b8f904f82a643a3a1a9115b4913d9b59cfb, 4.06927817E14, 3.5773696E-6
0x7586a8eaa6587d8ad1e80061c899e378124ab59c, 5.0197944E12, 1.385795E-7
0x2df401a65527adaba2b49fff9c943b2f7f2e9c01, 1.62337045E13, 6.81E-43
0x99e130f5e1b3b3d3d65fcee42dc591cf03e7a67b, 1.14982545E13, 3.3101173E-7
0xbf01f5a1bbd51530a3e6b6b5e4cb7cfadcaf4889, 1.07761002E13, 6.1118925E-8
0xc6ea34afdb9fc858462ee0180a6c7b4fd60192c1, 2.0724E7, 1.0994021E-18
0x71d5b5bd8e09e51a22a8817e683e011283157882, 7.4471054E11, 2.1438726E-8
0x880d7bcdae86ccaee1c82ea25349b4172fc33a1d, 1.65294742E13, 4.7585044E-7
0x3e87c651a444ab9482a8b789582a6ad86628cede, 1.63862675E12, 4.7172787E-8
0x3d9042cbdfd3dd1e0b4e81f3eaa1afc0ac772a9b, 1.34224978E11, 3.8640686E-9
0x687c5d243a6a1362cc5684f38968b245d29cf4a5, 8.0926717E11, 1.9899165E-8
0x97389e9c35f48e27f3ec921d783efbb024f75e70, 2.96001372E11, 2.1871394E-9
0xcb0c026a5ce8a8ed363b9c060da535ca79324ba9, 1.03867541E12, 1.3648211E-31
0x60fe52bc6114cc90f1cae82a44bf0c198f61c65f, 3278.0, 1.4E-44
0xe710c720068a457e52b1261070b320ee3b03aee3, 9900.0, 2.189565E-32
0x74ce104b4cc8c0f91e87938a84ce96b4df4fee73, 7.2160628E11, 1.7155632E-8
0x5445c0719dc90f70b22ec8c2e225f9e6b4774940, 7.749035E11, 1.620444E-8
0xccc8f8f11ac4fff7618d647c8dd667d74477c3b0, 1.0E12, 4.1E-44
0x8dc4115cc1fb29fb09ad0024ac0b71ff3ddbfc4c, 2.38572929E12, 1.3878255E-32
0xd546ddfcf2680635680b42b79717441e6e5ec5cc, 2.07419998E12, 6.063438E-19
0x59c9f2c79714ba583d2fed3c2544693493d80f7a, 8.9999999E10, 2.8617109E-12
0x30e9e114bd75e5b75281ba10dff6303d45ca7534, 9.3225348E12, 6.653041E-39
0x420da32ae11ef7911bef0a27f37b16849fcd1672, 6000.0, 1.8191175E-19
0x715bee4189b381ccbd5a48ef1d89191ec17750ce, 3.35598715E12, 6.926047E-9
0xcf83013f41790305c32fcb9aa972386534e2e4ae, 4.37738825E12, 1.0535223E-7
0x07be7f5b32f7ed28adbf23d1ac007d064519601f, 1.60924908E14, 3.0513006E-6
0xaff4ac0f844d2efba41745ed6c76907200be88f2, 8.7164474E13, 5.2628815E-7
0x908e821d223360f57e570eccb8803f3bf08b85ab, 1.78232628E13, 2.2589099E-7
0xaf8028b08096fcd4e16c98912d2c4380e4a1d26b, 6.39E10, 3.5487133E-8
0x338f3ec014d7edacb98506881d1e18dc00980fdc, 4.99999993E14, 3.26891E-40
0x8779ed51db766f2b999834873ab520c6305d21e7, 1.33884333E12, 3.9157252E-33
0x0f67e24ee23b4df92161836a78125025cbe4429e, 6.1119487E12, 3.5256926E-7
0x1f753e837ff931a67faf84607de50db732daf39e, 6.7294816E11, 1.9372832E-8
0x20959ff4e4004041ce1b453d56c808b76e10b7f3, 5.734919E12, 7.5356937E-31
0x1d0c80e3da0e7feebc44954c42b6c374d1828e48, 3.16805317E11, 9.120191E-9
0x6e75bc5e6547a67f7cb12709decb2bb28e880c74, 1.0E12, 1024.0887
0x4b999e06ddcd1c28b63ede3b55fc5944c1b69a27, 2.00327535E12, 5.7670285E-8
0x58e0d0d9ebed8a3cc112d8d49c542c8a02441490, 4.41679643E11, 5.8036783E-32
0x1462a3e5f784646dfcacba9bf9f61c224c37c9d9, 6.0347298E10, 1.7372779E-9
0x90743809bab49f3ac12e7638fb55bf802a65c619, 1.53311091E13, 2.9032725E-7
0x42f0359a6653717b55129179436dae4e7bc07a5d, 2.36447E7, 2.2087488E-36
0x8b26f18ecd935dda733e76d48a7559529f366b6a, 5.23222974E11, 1.5062541E-8
0xbc5575fa4a3ff18b43bfd479bf1d863beabdea28, 4.78288052E11, 1.0240972E-19
0x90ba736406b17097082622a301c35f7a84681e07, 1.29108347E10, 3.7167713E-10
0xe1723e41058cb01859e9826022a390dc68a9ab71, 2000000.0, 5.485303E-31
0x38cd62535a782fafbc5c69f45ef7ce613e457b55, 2.5710746E11, 7.40161E-9
0x1f99cc94ce4bb486fd9d36c351fa567c6b769391, 4.33253417E11, 1.24724995E-8
0x4dccca864c3a245f03406e7bb81754a9dccea706, 2.70086504E11, 7.77525E-9
0xb517821bc4bd7c99a998b066c70e685ccc00958c, 9.0985002E12, 6.362698E-19
0xe09f941bc30eb0132372d8ad75c826d29b1e852d, 9.7912318E11, 2.8186998E-8
0xb65b3d5d2ebf7eb3e95b88d07617858d0c00f0c3, 4.2453197E13, 1.438264E-7
0x82542ce2a25eb8996b76f685023532b2367701ec, 2.1087744E10, 6.0707395E-10
0x8d12a197cb00d4747a1fe03395095ce2a5cc6819, 1.23888877E14, 6.243046E-8
0x0d8a699a7ce8afd8a572a69e8001bebbe85c5443, 1.31893893E10, 3.796961E-10
0x5a333c5aaed62aa473e404169f9f8f989be5dbfd, 5.6020263E10, 1.6127113E-9
0x043b503501b13ad66e48f365b94a7d902d99a430, 4.9553785E13, 1.411521E-17
0x40b2fa54c581fda5fbbcdd37f2c3a2db6418dd6e, 7.0011989E13, 1.4380216E-6
0xcfe40a605785eb0496dbad63e0f4b6685b17eff9, 6.984781E11, 2.0107787E-8
0x7943740a8153bb5beabc467b6d8c3d6fb2b56f7d, 2.0E9, 3.921E-42
0xc940bee56550d54b964c91e199c9810b3e8e2ee8, 6.4588028E11, 1.8593601E-8
0xaa865579580b29acf29ac88f4722df24e111028b, 2.21927E13, 2.3082218E-7
0xc7d2fde79bdae639115607a5bddd1596058e9c29, 1.01745525E12, 2.189565E-32
0xdb84eb7f85002cda9ae366ef0d9e3f40edf42f93, 8.5720433E12, 1.1866966E-7
0x1c727968f3fb580a712a8c52f06cafd1bcf3c96f, 5.8665218E10, 1.0971106E-9
0xd35a2d8c651f3eba4f0a044db961b5b0ccf68a2d, 7.7932219E15, 4.9948E-41
0xc4a3507f01286c0ffe9fb375e3dc3c8ec9bf462a, 5.11709708E11, 6.918436E-9
0x4d29c9b31444834c3df91c598e3c5da3e77d8237, 4.9110711E13, 6.5575825E-36
0xaa98eb0cb8389b118995aad028a28ca3f53923d3, 1.49721511E13, 3.6115558E-18
0xfa34fe176fe11fce63871ec2490a0eb3cd8b485a, 1.65584306E11, 4.7668407E-9
0x22c7430b62c51c9ecefa87cec99ad88227cd21f4, 4.80053985E11, 1.3819794E-8
0x0322209303f3678a00cd7954738acafaaf0f48c5, 1.00888253E14, 7.1087084E-7
0x1b2087028502ab381581102ab61f4cffe21c8e47, 2.55826887E11, 7.364744E-9
0x2a0c0dbecc7e4d658f48e01e3fa353f44050c208, 3.35420483E13, 6.444301E-26
0xc7db2b22e222843cdf1d598a5785237bc797ef0c, 4.6503498E13, 1.3387425E-6
0xf50d577bc1aebfd1a35b72002e797018557161f4, 4.56711602E11, 1.31478135E-8
0xc7deccd03fa3c1a0965dc2d049b12c7ba1aedb38, 2.01513252E12, 4.081765E-8
0xfeeab87aa30fb4657ba00907e2908d6d4d05e46d, 1.12902685E11, 3.2502423E-9
0xe3c0856362efcf63a7d2334950a984e420dc80fa, 1.98645886E13, 2.3293975E-7
0x6f7c1787cb060bbb9a3ab6a4fab9e1cb931e320f, 9.6095306E11, 2.7663916E-8
0x8c248c997306e638cf8a6b937c76ba9fd880f127, 1.32791612E12, 3.6084952E-8
0xb9961b0c58a49f6ea80317ff8f302124ac47ffcf, 1.13021026E12, 3.253649E-8
0xcb254c6a6b79f3cd00592bb874645df57d6b6fb3, 7.858547E13, 3.0078354E-8
0x9ac53fcb8d0d20348503f6359f67b1eb6b2fb587, 3.2963054E13, 9.4894034E-7
0x9cbbef814bdc979bb116a65be0ddb1d5af679625, 3.23971908E11, 9.326503E-9
0xc92352c956ded5d64aaf9e94c35331523607bbf2, 2.37713572E10, 6.843298E-10
0x01dda53c757b16b9cf4503b91451e68b7ccb0ee8, 2.73262244E10, 7.8666734E-10
0x9ffa1ca74425a4504aeb39fc35acc0eb3a16a00a, 1.08993138E12, 3.0540786E-8
0x426de1c2266ad5bc513e0b07c90ed52f78908b1e, 6.5122471E13, 3.2789E-41
0xb16731ca39b5d90bd0521e3edca94ce8c3725657, 7.6627512E12, 2.2059528E-7
0x16bd7941f69502face11f9c946612128fcda6d83, 2.49609952E12, 7.185771E-8
0x274f3c32c90517975e29dfc209a23f315c1e5fc7, 9.9432025E13, 6.544028E-7
0x052d409d5855f2f2479d44b7acf7c772455e0434, 9.6340591E10, 2.7734526E-9
0x281a51e52b1b060584b00f70d97267f9fee1c862, 2.10704571E12, 6.065763E-8
0x934b57b427edecb78e68a249a0c193d5b5c1e5f5, 7.0824871E12, 6.1475074E-9
0xaaba07db3fdb0589df4980271d84f06f5ff9d76a, 4.05975178E12, 1.1687214E-7
0xdc4f669a9b8364eb5e42439143d6258398d54e3e, 9.8358492E13, 9.2121593E-7
0xc27427a4744d17d8f1007c5ca0f31e95e6f28357, 2.62566917E12, 7.5587764E-8
0xe7c3c34c93fbc819258a09435131d643cd2c5cc6, 3.05632575E11, 8.79855E-9
0xf60ffdba8c3ea550c0848b1f817b443fd241786e, 1.99999999E12, 1.3115165E-35
0x9e817382a12d2b1d15246c4d383beb8171bcdfa9, 5.5491899E10, 1.5975008E-9
0x8ddfad5bf3aadc6b06403f9922611eb40f4f4ed9, 4.99068207E11, 1.4367174E-8
0xc22e2ee2e04fe71b6a7fa9dc2735bd26eab90755, 1.11550986E13, 3.1931407E-8
0x465f7bc2cea09c12a8e464d4f3ee03a5de4527f1, 5.0217521E12, 3.8131002E-8
0x35359b5c410d2473cdba8b4b85fe7455c1c8414f, 1.55312941E12, 2.2833868E-9
0xd457e8303a82b18a0336356198966ced77ffebb2, 1.00006042E12, 9.2911356E-20
0xefaaba21e3d798aa1deecbdc3012af42a3b72b4f, 7.9682758E12, 1.3275037E-7
0x0ad4641aee60d7f765d18ad5b628d5f6dd5cbe9c, 3.61230008E11, 1.0399089E-8
0xdb30ace2f50db33d0dd6c940f05d9dba5657eb76, 5.1370472E13, 3.201276E-8
0x0e205ec33427502b2d11c67ff66014afd5ade9f1, 1.23487576E13, 3.55496E-7
0xbdcd4533851222551bd71f0afd501c8c8556488f, 6.5715118E12, 1.8918068E-7
0x44d37b82cbbb410a42725d3a51c7f84f3bda12a7, 6.4669913E14, 6400555.0
0xc966cd17547569c1b4a4a2b88017098a67fc32d5, 2.84702048E11, 8.632229E-20
0xf08c1e7e544bbb7717fe8bf8b8f44be5fd847cd6, 3.24038584E12, 9.328422E-8
0xca620c2c346b9c1206d519da395805aefc45ac9a, 6.6307457E10, 1.8227829E-9
0x90d3f81c7e825e831da8ae1183ea9ed85df13639, 3.76523483E12, 4.4421963E-8
0xabd8cee5a93265fc7d1f9e45f0169294d01b8802, 8.3161632E11, 2.521479E-19
0x6d9366b0184820720598ffc940ff05ddefe02752, 9.5954002E10, 2.7623237E-9
0xac38f5c9c0a4205f17364dbc44c12002f67ba621, 2.91443992E12, 5.74624E-8
0x85a5d4a6568bce3ca52fddbec8c00ba4d5cf6571, 2.3814783E11, 6.8557995E-9
0xeceffe04767d294d377710e259845995246da9c6, 1.57224419E13, 3.2239174E-7
0x03d51a48eaf1b69f1858ceef86c29d45482dc0f9, 4.6370367E13, 3.0407752E-34
0x0e296042dbd7ad195e47ca332907161d9d261e1c, 1.53850937E11, 4.4290607E-9
0x376acb5407c6d299462e09a02e1211ec1027e16a, 4.0125489E13, 1.1551326E-6
0x38b2197106123387a0d4de368431a8bacdda30e2, 2.720187E14, 1.77842E-40
0x62fc988d6063492b28eb7c1b2dab97298e374292, 2.53246078E13, 7.519212E-9
0xf287052e811693458bebf171f518a167b152beef, 3.45661506E12, 9.950904E-8
0x08d60675de2e6d681722e5462e7df37d88cc0754, 1.10288293E12, 1.2016829E-8
0xebdf7c3a7f12bc07017826a73be809763b3ce6a2, 6.9904078E13, 1.89171E-40
0x65fe9f53a25e0d10672de285ec2b1ebcd37680e4, 46.0, 5.1752234E-8
0x1e3d699191ef3ee2a4e9ca4cc166b9704acebf3e, 2.94642474E14, 1.0514701E-7
0x374d8a882ad5386834adb3bc21305a777dcbc250, 3.02480196E11, 8.7078E-9
0xbe51f9ea974ebcffafef13cfab0fecabf20e584d, 2.43199246E12, 7.00122E-8
0xe05180869f7a8c60a7818d75236939c19ad4789f, 4.6053999E10, 1.3258026E-9
0xd4a0d46634505f07fbc68c68103fce032b33a584, 2.42108006E11, 6.969805E-9
0x7ead52d789624b549876f1d66ff2d6d17c666bc6, 2.03969226E12, 2.6591252E-8
0x46a929e95c585e23d411b452ca14568da143901b, 3.62803069E11, 9.049558E-9
0x2e2df145ebd2702e1be086b1bf04a7149d32ce9e, 5.9816407E10, 1.8136466E-20
0x034defbc60faf17e46abb3d8bb0b6124d06de89d, 5.3919676E12, 1.5522396E-7
0xf4a14010acbe82428516415a117b157b59cc6bb3, 1.25372187E11, 8.411856E-7
0xe665ea02bd5486c6c481dae2a034cbe96f5063e4, 3.584E11, 1.4E-44
0xa2a826452cf39bfdd15086a7167f22a877f5048c, 6.4100704E12, 1.8453309E-7
0xaa9ed9eaf2de3aca232d8d31e74a98e92df3999e, 4.03211393E12, 1.1607649E-7
0x8a613bb10e71c5f09d96c2b5280dedef3d9dbf03, 3.66424916E11, 1.054864E-8
0xe4d42b803b969c4f38810212dd7308c16daa24be, 7.9930029E13, 1.9614E-41
0xda7a275c329017ecd1e8f091afffa3aa98bb2121, 5.8441636E11, 1.6026807E-20
0xf7793d27a1b76cdf14db7c83e82c772cf7c92910, 2927156.0, 2.504461E-7
0xe388cc88ac2446530e500c3718a3ea94d4e3f422, 2.18999992E10, 1.4361106E-37
0x4c49bf0e5587de02e70aede7ea1462479a4c8f96, 9.9110801E11, 2.8532014E-8
0x7501032102da6e88aedd69e6f251705a9bc4e2a3, 3.0257827E11, 8.710623E-9
0x50b42514389f25e1f471c8f03f6f5954df0204b0, 4.4576694E13, 1.2832738E-6
0x6fe5c3e270576372e586a915fa1e1ca97a9a52b3, 4.0414568E10, 1.1634546E-9
0xfea20eb7d9dade2bc6890ef303e3f5e5cbae2af3, 1.75357428E12, 1.2844466E-8
0xe6ec7f9c717c98144eda028b5fa98c2f16907c70, 2.28856494E13, 2.9816047E-7
0x0819743fe98dfc6b5604672bba5473c9ad660b97, 5.3026193E10, 1.5265181E-9
0xd63c51d9bef8b03238136a20b8a51b8e4106ac86, 219044.0, 1.5016783E-6
0xb85869d27b654902ea0d963a7f8ff53bc6178ace, 1.00868647E12, 2.9038064E-8
0x5ba44cfc6672522e2c560830bf87024604dbcdf8, 2.25404885E12, 2.6054687E-8
0x308fc97badd2a5dfb27052a931e317c1723a0d43, 1.5E9, 4.3182E-11
0x67c7f02f4792567fac71f9563800a2b550dd3f69, 5.35813685E11, 1.5425003E-8
0xea174e9c6cc14419f36ade20897851f2bd1d125d, 1.50000005E10, 5.2460663E-38
0x63d86a3323e5c3441318c678cd5432696746c596, 4.9723364E12, 1.4314362E-7
0x9f08e589d8e1d04e2269157e350b73c7d1ee0a00, 5.95454E11, 1.7141929E-8
0x10050ad1fae9158680bdc1fbef221b0f80f9e028, 2.46700006E13, 1.6129E-41
0xdbbc01a8227fcea4630969e24ab510e288e78f52, 7.6159169E11, 1.16905685E-8
0x880ff690e99edd89fcb77b9ac201eafbe89afb0e, 8.1740282E13, 1.471798E-6
0xa9e2f0abb25b6f5a4af959469be0e17d583ab688, 4.99967984E11, 1.4393079E-8
0xd80a3583528a056888494673717f3ff2975ddcb4, 9.3999998E13, 7.0714E-41
0x9318ef7efa073c0f5ab9d97a780d5628d59f3458, 1.0E9, 9.521E-40
0xe54a090cab269cb531ec54c65d5519defb272bca, 6.3803091E11, 1.8367633E-8
0x3da3050208a3f2e0d04b33674aaa7b1a9f9b313c, 1.84519051E13, 3.5873E-41
0xf3fb50005992cf07b605e105d6feb772fc8a8870, 2.52492781E13, 2.1579639E-7
0x3dd855940338e7b2fb488614ee064a2feefa243e, 4.3081626E13, 1.2402339E-6
0xae6c73ad16730394e4c1c6f5f36cc62564cc95ee, 5.7964761E13, 8.3374346E-7
0x0748506520144e22c5d22e47447666495d7ea982, 7.2719406E12, 9.5553425E-31
0x005a1e9da3f04e5c46db2659115fee196a8b890b, 1.34604089E12, 3.8749825E-8
0x6b163ca9a0436f508403624da8d8a952fdd44a65, 1.59400709E12, 4.8330643E-19
0xca67c680c20e3d303aac466a57062f4e49698e21, 9.9999998E12, 2.8788E-7
0x4bcdbb977d65aef756f7269c46d7982091cc4162, 6.967275E11, 2.005739E-8
0x527539f67228c54af9e7a664af9baf277cf763df, 2.996054E12, 8.6250395E-8
0x5a197d3524b0268115683c6a3697f1352d49efb3, 6.0202701E12, 2.7723917E-7
0x1bec99c1a0c98b6d98d7e0dd89cae58e95a27ed1, 6.0699279E11, 1.747411E-8
0xf1ffc138e7b95501d0dc2bf2df73c268b42bccdb, 9.1425296E11, 2.6319512E-8
0x245f09f18ee021d7c3b93d430b125b2f7357efd1, 1.76726855E12, 1.6726132E-8
0x5513e95eb8a3c5059c6ea2bea841e8a4782f26d9, 1.0513932E12, 1.4280403E-8
0x599266e9b5c0983b9f68f13f1834fdac9c2f0ff6, 2.97162998E11, 8.266848E-9
0x583c3bceb7b517acaeca84bce7c7266d7290a7aa, 1.48386731E15, 1.5196117E7
0x099201d88f322f95f0c542f4966ca925d995049e, 2.5178692E11, 7.248442E-9
0xe6e1e693306fc4690998ff52a0d6e95f60976884, 1.47839412E13, 1.9426124E-30
0xd7b325792fcd5d78e0ed36089399b12153507e2e, 6.5124231E11, 1.8747963E-8
0xb38659ad555bf99b145b0ad3bcfa7ea566964710, 4.884196E7, 4.2E-45
0xe5c1430d7d040f69d3fb75edd20e17952e736ba5, 6.6869998E11, 1.4E-45
0x2ea8cc6e269772fd712c97f0cbf9fe5a2cce75b0, 2.55705009E13, 1.6717E-41
0x271d272d4d495da362cdc462a55c70291db980da, 9.079176E12, 2.3573753E-8
0x44d5f34d4bd606ab97902ec88a7d9d1b28687384, 3.9715101E13, 2.189565E-32
0x648c43761c3d3e77335e3e0eddf490d38793d0e0, 2.07004212E13, 2.2229E-41
0x90461797d4b8948b51ff5cc720642b50b72ebac7, 2.39003723E14, 2.420922E-6
0x8f48632aa412519ffa159e4b8860e51917f34b73, 1.06846165E12, 4.3E-44
0x4d7a23b2f8bb70d6ba53f50ac6b3fc11b4f7c43e, 1.17063905E13, 5.693748E-7
0xd849351da87f676923bd02d636e1f5c5392ef85d, 2.49999997E14, 3.94423E-40
0xbc90b3ce40fc3ed921d910f3e046c65954fff7cb, 9.4829963E12, 2.7299652E-7
0x43a357253808d22c1b1f5c2703c0e5329d582b90, 1.53850038E13, 4.4290348E-7
0x7a96fe1f2715090de00ed6ec22f446a65145fa06, 6.9878081E11, 2.0116502E-8
0x8b79b3676f4bc4349527cddf3f7720f552624e7f, 1.09833439E13, 3.161885E-7
0x631564e4d2feae8c029c9ef4ae497900d343efba, 1.06357752E12, 3.061827E-8
0x88660bf30bf3af1da0673baefacd350e2ce978ad, 4.6005924E13, 3.817E-42
0x5a2ca8319737d79ec8c3f345ad92610bf1ccfa17, 2.35610676E12, 6.78276E-8
0x99e4e6d5045230436f197d27c511e84e3e43dc61, 5.49653E12, 1.582341E-7
0x582ff216f2eddea8630b873382f0c5834f278e13, 1.59396334E13, 2.8516595E-7
0x205ec1ae4784d6928daabb6c917fd9d09753e916, 3.27323996E10, 2.2382693E-8
0xdf2e65f92cabb76157f4e650579906671e6be131, 1.41897016E13, 1.14532E-19
0xba8915c57db0faa592366cbb4d4084f1edf9caa1, 2.33542369E11, 6.7232175E-9
0x62917a5bce92bc34bdc6b9254b3cc426d52752f3, 2.10887404E15, 1.996973E7
0xa9427310f263a6ff79d7e7e943f3dc9f3d8e3b0b, 2.57517502E11, 7.413414E-9
0xf6f90fb02fc7de2b5b0b8d198da6b84814a121da, 1.03000447E12, 2.405789E-8
0x9a523a5461b50d5fc5be0afde05c471e8a197559, 2.96053998E11, 2.7652023E-9
0x3fd15d0dee55befdaa2fd503777280a412d14c70, 2.90432295E13, 3.489862E-7
0x60ef5797bd0fe3e2081127cf80aec5d837dbb522, 2.87387922E13, 5.0344795E-10
0x1f5bde6ec7ddac6b2b468688c23c7bc0cca6b16d, 1.39881398E11, 4.0269055E-9
0x8b18463e5af0f83c6d91a600ed5a3764dc6527db, 2.28464561E14, 3.8215644E-6
0xc68b3d448b103130d24a92fcedfc2e89889ac2f7, 9.2017651E12, 6.396593E-8
0xf1836b527450df1235b9113f25a3963ce5e0dc18, 1.37142993E11, 2.4872041E-19
0xadb5c11af54c86fd85f8bbbd118ac3e39db741b6, 2.61915148E12, 3.4415696E-31
0x0a52681d892782e5bd78d12f199278339b441cc0, 2.75151618E11, 7.921064E-9
0x204a84293120da5bd1635e7d0c85d922ab57d4f3, 1.70399996E12, 3.9065313E-8
0xa76b6df0f05266950f77577a6cb3eee906c3f647, 1.25649997E12, 3.8097357E-19
0xace1941d6e8fea12194f74a55466c3681ee61770, 1.51886286E13, 4.372502E-7
0xc6659d67f92d1ccf4a7823d7ded08833fffc4723, 3.32724994E11, 9.578487E-9
0xbb9451a277090be392ec1976173f2fbcb318cee7, 1.00539187E10, 2.894322E-10
0xadc043a3a4fed8ca9f571fc649e50bc7555b41c7, 3.4892235E10, 1.4E-45
0x1b57434ccad8ef527f951dde8bc60d9498e3a6bb, 1.57645076E13, 7.6797585E-7
0xca1e276f8d97747837dff24b44a16c882d331b8f, 1.18930997E11, 3.4237857E-9
0x4e10f72844f33cc7928225521ce838f0a4f16f1d, 9.9999998E10, 4.2E-45
0x320ee9b5ade25bd02f01438bd996ffe4fd1d72d9, 5.34007742E11, 1.2494214E-8
0x5b5423543c6f25a79a745665b8268377ce10adb7, 1.25431067E12, 3.6109093E-8
0xa116b5a75b147c3c6ee61c5cc70881dae7b8abb4, 3.03317189E11, 3.985593E-32
0x0043a15b41be3259d57f1b2a0da5abe2c510e966, 1.0E10, 2.86163E-12
0x52a34a3e0eeed3b572786c05ddebed86a595c3a3, 3.75848541E12, 1.0819927E-7
0x7739431ccb2f524a4433247b3d73e306ce8a1eac, 6.0559773E12, 3.959E-42
0x272a338fa5002910485ef6e9f4f75ea96bd9b7c1, 2.23823135E12, 4.6245255E-8
0x54f470c203a2c0d512c7682d5958999a56bb6592, 6.3121622E12, 1.9659634E-35
0xe87dc9ee997436e828a346b26c2a4c5628699423, 1.345304E12, 3.872861E-8
0x56082a7b347fcf404d47c190fada508839def694, 3.06457073E13, 1.2178645E-8
0x30be417aa56092badc99e9987bca62382446c4b4, 1.83039322E13, 1.5436514E-7
0x94c95b473178812c0e9b8291e0f35735d74410f3, 1.21023932E14, 6.5379E-41
0x69889743e4f64f47c6e902d40b07ce0571e0906a, 2.18288144E11, 6.618545E-20
0xfc29d25c5be7c7af818ee7a8dbd218e958f01a51, 5.278E12, 1.5996068E-8
0xb1f1020b3611ca94091cf700a1654a9155e7f32d, 2.77569937E13, 1.294324E-7
0x8ffd11026f8c74848b0c3c61c8bd3eff4df1fe5c, 8.1735487E12, 1.4304196E-31
0x8e07d8d606b49fa0326bf5ee2c29868e5827f96b, 4.7344501E12, 5.258891E-19
0x0d4f048bbc6ea6c6e3c27049e9644fae5dcd8c2a, 3446.0, 1.0094E-41
0xf37f03436eb678cf639f3ff5f9757b8e1d33a645, 5.0E8, 1.3186927E-7
0x80702bca7d74b0ab6a06f822c99e3f3791919e2c, 3.5737999E13, 5.456968E-12
0x89bfcbdbf1561fee03e6a06e08725d919dc43b53, 1.43888771E12, 4.1422698E-8
