0x6db0894203e0e0e469add61f1c95e84432858346, 5.5126828E12, 1.0420609E-29
0xa2dcb52f5cf34a84a2ebfb7d937f7051ae4c697b, 7.96054E11, 1.5047787E-30
0x5098af0906cde6ed63f4dfd3734d6db08d15c620, 5.0E8, 0.65793794
0x53fbcb0c8624de7f2819d014400b8ad2e9d2c73f, 1.31460005E13, 6.0967613E-33
0x7e0e2a962fb6a6842d6d1c4973101e139ea77811, 5.1037251E12, 9.647558E-30
0x8be1a00007e646a02b4fb613606795a6a617bc4f, 7.958762E9, 1.5044425E-32
0xd4fa2130949a51e5d77a5d43d1911fd0786d9624, 1.56363538E11, 6.124381E-10
0x3650e0d4e30f5d59f2796d20bf242bdba311a6da, 3.04194079E14, 4.6129937E-28
0xf6309fb59b7e63f3ffb76e0dbd29e4eadae02426, 3.10400076E13, 148.92041
0x3143cf35ba7aad7d344a27b4207e47a1ab06bacb, 5.0E9, 8.707E-41
0xabfb11cd8954babf095cda897ebb44a92b87e3b1, 1.96329996E11, 3.7112207E-31
0xbf8887fc01b2cb22dddf6129c7dc6302ca59a350, 6.76344E12, 1.083918E-8
0x0f0f18e805f430a383e7c7f64cf5071965725c16, 1.42542197E14, 8.857673E-29
0x5ac0992b2e118f1c641ebb14c71469a909cb9f3e, 5819.0, 3.0455638E-9
0x0a45b77a3c4d600c6e5999a76bb70f2d53a794a4, 2.50999996E12, 4.7163478E-30
0xd9f146aaf37f6940621d55c370876521677ff2cb, 2.0150987E12, 1.127619E-30
0xfc907b07fcf3ed79be48b7139741ec6bcd7c1365, 1.07479368E12, 1.2703785E-15
0x931be42120ac01f548eea17ad9ea92d3a319091e, 2.01938567E12, 4.08E-43
0xfa29e806425f551c1ea6fb9a6f5ec22bb1eb4bb7, 1.61339003E10, 3.0497866E-32
0x36b8bb45e3b0dcd2d51d4d1efab37e088367f5b5, 2.03000203E13, 5.5843697E-30
0x3d7bd92d53449b356affb75c35c6bebf44d2819b, 3.00000005E12, 5.777871E-32
0xa6024cefa71e107bbd9d8d0845d150653bcb722f, 2.82811171E12, 2.3530497E-30
0x61342793cfed2f03146958c9211d4d82c16122c3, 2.67760446E13, 5.061468E-29
0xd47bdd78c4eca4b5ac941a4b4cf62b34be730c42, 100000.0, 1.8193397E-18
0x276701908a96a8be34a6f9f19654e49da202d436, 5.2770641E12, 1.3594194E-17
0xcdf9324ea60df5f892a5611793b3ecb52d7c8d0c, 3.01000006E12, 5.6708917E-30
0xe817399ffa34e5fab618d9f9ea6878e2023bf1be, 3.06443374E12, 5.6155107E-30
0x571456f6919ff85fecd0e9d89313c0f1f7424b9c, 5.7871916E12, 1.17E-42
0x6ed7576873d622e15851b13808e3799277ebeaa7, 1.49458944E11, 5.8539446E-10
0x2f3593fb5a2b151f1586c77dd687b045fe4e79cc, 2.11007642E9, 6.954573E-20
0x6dee7de554102dbb6e0eea0ef21480c1cdc66bbb, 4.7961631E13, 5.5361143E-5
0x903c82db5fb4660ddc316ba334a7e9e09967e774, 1.95853992E11, 3.702223E-31
0x780fc64eca9ed5be18d19d74be50cdb41e8103da, 6.4006951E12, 0.11368133
0x0907db20504fbc7c3293dca3f2f1a2ea6aa63e61, 1.0E12, 3.0367138E-31
0x70a50b5dd7a00b7d3bde12a4244c9bbca438a410, 2.12339825E12, 4.0138535E-30
0xba7d524afc9586bd9e61d6f3f6d8e694cd2c4bdd, 1.79906449E13, 6.280073E-30
0x5dca83bb6fe34e43356db2a4f3a10ebcfccf532c, 2.68687081E11, 5.0789843E-31
0x03d509fd2dd159cff15dd9ed45878158ac6847dc, 1.5630051E7, 2.6207148E-9
0x02c3c6bc651c8f52febc244d711f1ca8569ab008, 1.87833467E11, 3.5506105E-31
0x5dc8d2dfa7f26f00b7d63337823eed1b32fcd0d5, 4.99999993E14, 2.3916186E-4
0xcccd9a2cd9de8d59347171a8636a3e99a77e7ccc, 128.0, 4.8224576E-29
0x1f7e07a56f47de1e03ba3f83ea9776e8c996f57e, 6.6211099E11, 1.2515865E-30
0xb13fd9bdb988611d471f33eff1b205652862c34a, 9.5228998E12, 1.8001112E-29
0xdef254bb0201f543be10473336aa922de7651888, 1.0E12, 1.8902972E-30
0xcc3a0f3ecf9195e6a63a1e4eb8bc321946366cce, 1.64933581E10, 3.117735E-32
0x11d5736d22c734387b8d80428064770719207f68, 4982.0, 2.2267265E-8
0x2d0ceb3ae63817b71a980fc4a68a91dcb7752812, 1.75774651E13, 1.009E-42
0x8ecba80ec6ebb87b837b7907ee097793fceadb66, 4.9998905E13, 4.2E-45
0x687b7961b1eb50068a2d5465640cd9c3894808dd, 1.80657154E12, 3.414957E-30
0x498721f63bd99676403cc345378b039b4a87ba44, 1.21310565E13, 1.5736433
0xe4f70d3d18215bc9430204647ca74d052bf588b8, 1.55002175E11, 1.8320857E-16
0x83f9cd26d38cc3081b09782caa5ce0f0ccec679d, 3.7164092E12, 1.16425145E-30
0xc48a02a07a9395d8fb0d68e710fad54dbe69f389, 1.41655571E13, 1.2950762E-8
0x085da0829d1e2338f18312aa3ff872ff8053d355, 2.48659811E12, 1.9519992E-9
0xb13f22b40fbe0165dd3708ddf15a7eeff4143341, 4.2864718E10, 8.1027055E-32
0x1710c1cc43eaa38a7174d196fb319b514c8ce1fe, 8000.0, 2.4852047
0x63cc39b9e80313affcfd878a0a89b6c91b762785, 5.4998692E13, 5.1615526E-12
0x779d603e725b53af00d15a418e1f4b886265432b, 5.31241042E11, 1.0042036E-30
0x0df50fcdabc738fedeef054e9bdcf6921be774aa, 1.59105997E10, 3.0075764E-32
0x756a98569b714b17e3c9c0fe0f5b3e8c74c86804, 3.21798287E10, 6.0829435E-32
0x5e40d97fdbfc73e832ae06c10422b6d204f1bfe4, 6.0006133E13, 9.452898E-29
0x5c00129a92029fd396b4873db40da89d1c948e04, 5.1151834E12, 4.396318E-30
0xfb14b4cd78527c11aa811b4ae864a62babed00bc, 7.2261687E12, 8.0351E-16
0x257e61cb022ae0378728b141df84da723b8d408a, 3.3529931E13, 1.241593E-11
0x888abdcacee172e5f8b8528ce68c6ed19fd74b46, 2.28043686E11, 4.3107033E-31
0x17d0d1272f005f748dff6c8474f0809182751bd7, 6.9182888E11, 1.3077622E-30
0x35cc4ea543552d735893e337f88aa804da3de439, 2.11843744E12, 8.297075E-9
0xf6407f4333197dc83b63b51195c2f9151ba54b6c, 5.8349029E12, 6.434627
0x49dcee3e6771b3d1b02675db8e15b65785f11232, 1.5024069E11, 2.2455623E-10
0x0e4ac7529e2ab29f3ba563a94cef1ee309cf5e52, 1.33305467E12, 2.5198694E-30
0xf37fd25a7fb825af1838d5c074d762bfc503d110, 7.0426644E11, 1.3312729E-30
0xf4637bba47f66ecffe41c8d957b0d87585238a37, 9.9999998E12, 1.9259571E-31
0xc321ed88448639ff61a4575105ee09c2500e58c1, 3.28025233E13, 1.1685565E-4
0x3ba343f2fe1b4f412c93d50d7de03c2a7e7a6856, 2.27644228E11, 4.3031524E-31
0x30c8734cc56e8446f18784f3cca4e387dceb387b, 2.99305402E12, 5.6577615E-30
0xfb0cd50743109cee8d572f08a9fd500aaf440579, 9.679715E11, 1.8297538E-30
0x417b3f83fa4c5e67e4188ca1507c99a3ccd30a74, 1.67063994E13, 9.2264826E-30
0x063e22182d3fa4b6d9d21e5e32990d4d48be0bc1, 2.5005945E12, 3.0242803E-16
0x2fa8e441c6ca7701226c236addcb1670959612cf, 1.71391451E12, 8.769364E-31
0x4639ba37f5f944bc7b2ae110682e542d3f08c87f, 1.10928527E12, 2.0968788E-30
0x4478e4cdac18a9a5fbafe3b587b20612467909eb, 1.99796845E13, 1.9259571E-31
0xf43f6b9bf1a88075a3fa4a8791958586ea199da5, 5.391589E12, 5.274285E-30
0x5d91e1c45540188fdfa547be3b321c37f2124f22, 1.32679886E13, 6.090857E-5
0xe769d85072672dd5e763816fa2c60627b5bcde52, 1.27106967E13, 2.4026995E-29
0xfb26000023bed7e3dbe15b37853f9bc43f0d3719, 1.27013736E12, 2.56E-43
0x115ec8e368d95ff59dc07aefc1fe5170a1c6d955, 6.3827555E13, 2.8E-45
0x773b522680761199384d2cba1d2593127235b884, 1.49699019E13, 2.8E-45
0xbbd0dc50b441f80803b03a4a5c54f28ad9acbfe1, 3.17728007E13, 6.004113E-29
0x8f58d56ac7bc2eed27b196f7608f544df971efaf, 3.7797033E13, 5.5400875E-31
0xcd0038305794b0bb20e8104d5c1d149874f06d2e, 5.416358E12, 1.0238526E-29
0x1cb98b4e43212cf0468ab571ee39c40fd97892d8, 7.2028828E11, 3.6933917E-31
0x8e2bc11780a4de3dd225cf53098a7e38c25afe33, 5.6700053E13, 9.8E-45
0xa99403a37f8f56eb4ff7bb51c214c6c3ab0cb839, 2.5932836E11, 4.902077E-31
0x2d5207d5aa3c74403a0015ca3b5b9b6f78132f36, 5.0E9, 3.1039827E-14
0x87f0208866bdab258628851e468d8da1dc250521, 1.26294124E12, 2.3873346E-30
0xd97d49eb5de6e8ba7c60f05ce6f40c3e028123ab, 1.20925966E12, 9.149542E-31
0x555b28b4eda9d3592ffac55047df5c90483c0fc4, 2.16892416E8, 2.321182E-21
0xbdf906e1739b1b0e4a5e73bed008a0c29eb9f3b9, 9.9999998E10, 2.064519E-11
0x035ee40c25e1e7c12c73fdc846c5e10d0da5accb, 6.6251104E8, 7.043527E-21
0x940f1f14b07f5ae11e7ed1b637fc6a5a4caccc2a, 2.0E10, 9.451501E-32
0x01bad82ac04051da6f2fa65915eacfb73f4cf223, 9.6030907E12, 1.1350606E-14
0xc881d04c61a2a2f897ff04436ac0169595032ad0, 3.0270001E12, 1.9274663E-31
0x3e05fa44db3d6f9166a28699030b9c68260f92ec, 2.17258246E11, 3.6E-44
0x2883789df09434f547883b4b49ad3f46ca7f9d68, 600000.0, 8.635846
0x13ec3f7bca98a1d586a9a8e0c4b0eb796427db91, 332000.0, 2.7726658E-15
0x0bd67dab3b3050d74c139796e9f00d8329299b22, 1.59999999E13, 2.0556039E-29
0x3da9e0df41cdc6f847a4b6d067e92451b853d503, 3.04577806E11, 5.757426E-31
0x287550958be9d74d7f7152c911ba0b71801153a8, 3.11769314E15, 0.002651644
0xd9075be0db79b5c95f01502bcf9523b6b2c5f143, 1.20037143E13, 1.0972046E-29
0x8f05b6b05e45cfd13da7f7f88b1f099fec2255cd, 58534.0, 2.317897E-9
0xf809a89a96a04fa536411302a6c181e5d30ac463, 9.9999998E10, 3.0367136E-32
0x09a2e04f90ce30c23b1e0a4014e5c51b58b14563, 7.0987541E12, 4.3334035E-32
0xc86a187f919a3ff0711d8dfdd3b835ec52a731db, 4.1352717E13, 1.0044403E-29
0x753718fa71c331755e220dc61637d6f42b06f5d7, 2.40501155E12, 1.7130876E-30
0x46aacba393db86160eb108c53982c3b68501240d, 3.5790386E13, 1.5155449E-6
0x57d2ff683455d1b2b8ed594fe1b7d498c5c9e655, 6.202175E11, 1.1723954E-30
0x7c612b934430387ddb1daf0a8f2f580d5eff4ea2, 2.13782774E11, 1.047701E-31
0x9242d9bcd6422bf4ab6f78ae7c3ff49d4eae6299, 3.4791945E11, 1.4860948E-36
0x4acfa8978e48d6e3c24f57a7b5fb520dbcc5e218, 1.0E10, 13.158758
0x28bf51f47e903925c00a03264c7e7a0576785600, 2.48332828E13, 1.8876279E-29
0xdc709bc27ec2272732db09d85b47b98383834773, 3.76974633E12, 1.0063421E-30
0x6718ebdc5bd477f2312d1815f19ed011e903887f, 6.5800002E13, 1.4881183E-11
0x5b2dc50cf17e7b85acc3331e8442efb945bfb8f9, 3.00665432E12, 5.6834704E-30
0x270ee3e9e2afea219eea7239a38a487de7d23ac3, 1.84575001E11, 6.2182687E-10
0x961c26543da1b75dab96ae986a921fffc92cfa7e, 5.2763268E7, 6.608885E-9
0xe9e2e8096c746bad8bec987ff9467de3c9ed075d, 3.90540008E12, 7.382366E-30
0xb3137b8bf61aceb6525e4e1d06d5de775d2a0b8a, 9.9999998E12, 1.8902971E-29
0x99d65b8d63cda84ac477fbf58f20b0568931f9e9, 1.2939091E12, 2.4458731E-30
0xff879c932f9d6400bac6c3d14d920aa0bcb2e62d, 1.76053993E11, 3.327944E-31
0x6d9235aebc3cc8db941196fc490a2f60d640a601, 2.11885731E13, 2.1067742E-30
0x954930f7befe4bba3be49d10b6de611db94b603b, 2.3493123E13, 3.9998687E-30
0xcb60d600160d005845ec999f64266d5608fd8943, 3.34E8, 3.6219896E-21
0x90e3ba73c3a5c018a4e1646eca4f75249f1b2a40, 4.75232698E11, 8.983311E-31
0x8ed2968e68d9fc21e805903d378ccbcadfa608fe, 1.4716211E12, 2.7818014E-30
0x5aae6eb040bc59f47a50ee616476091b85267772, 9.9405259E10, 1.8790549E-31
0x9a2e8c04165342ca6f75b0457d06a54e690553aa, 8203.0, 3.4721243E-8
0x44948d4bcf984ee51d9e1127f3a0e4bc46bd6910, 1.35298999E13, 17991.848
0xbd4c40e3191a6e271241e29500cb269a99745675, 2.7899999E11, 1.1917139E-36
0x59a0f51fe2eabfdaa96cdf2024eac8f69294c47b, 9.9999998E12, 1.4E-45
0x1f7c7401b75eda9e49628eb985906c148f686081, 5.0029412E12, 1.4E-45
0xfb5b840a85d41bf28081a31b186fce24eff5ab5f, 2.53253992E11, 1.0066588E-31
0x72e65f7f5028e4ccb0be312a51c29ddf89e350e2, 1.20000002E13, 2.8E-45
0xb3bf32117f1e28149c3e3f403a7f703659c55a44, 1.58307252E13, 1.7937236E-29
0xae910d21bf38f48b0d1ccc5803ae494879700b4d, 2.73999997E13, 1.1209455E-19
0xa41eff1b93d67d02c1ff45db41a2debba388a0ef, 2.69605405E12, 3.7060034E-31
0x132b9b39230f19622793749693d1765f32ba3bc4, 1.91537388E12, 7.851802E-31
0xb0e96399485cf77bc97f64c27da250ef2582a1fb, 5.0E13, 1.5202135E-5
0xc79fd37f932b7809cfcfdb991f2d50a87d80b4f6, 1.65122566E12, 3.1213073E-30
0x3f90f0b93d066a6a161b2b7cca429decc187faa1, 1.8726601E14, 8.957378E-5
0xde1c967c8190cc95212f64ca8878f5658009626c, 4.31559986E12, 1.4907228E-30
0x8a43f01ca5a988ffa1d7c408bdfeb7165be486e8, 3.09278309E13, 4.2E-45
0x1f8bcc2dcd6df2f77afdd5da7bdab6d8a6c93ef3, 2.10677321E12, 4.26E-43
0x43ab31857192b338b677551b34759a7ba190d551, 5.0E13, 4.7239014E-30
0x94c4c463960082abed5430554e3698a19e3c9f6f, 3.7600694E10, 8.795552E-32
0x94fc295e2029b928d8268035bcf8acb1cf2a5d53, 5.0921079E12, 9.625597E-30
0x9ea277aa2229751e8ac80614fa04277b07c03b59, 3.88189205E12, 7.33793E-30
0xf8925d44b1bac1ffbf1defcc5ad1df074144bf55, 1.21007998E13, 14.952161
0x8b8fda57fd99bbee2e2a2456b6a985abd6cc7b78, 1.0E10, 7.7645575E-35
0xc59919dee6857bc415b0c38718ec24ff2595bdd9, 2.06849366E14, 6.92568E-5
0x63cfb1f62de24ac6e1db9a03f638598ac27c9276, 2.00007358E13, 8.4E-45
0x854489f97ed5dea1c31db462914a2b08deb6f9d2, 2.49311579E12, 4.71273E-30
0x046cb20de0e01bc6d44b18e5b4312872ace5743c, 5.278E12, 9.629786E-32
0x7b44ec240142548ba93a59b0741291214790454d, 2.29111025E12, 3.0954373E-31
0x19bf01982c7d1456c25e494678e565ae3b437767, 2.33839297E11, 4.420258E-31
0xba7e26c70d6c003ec059207007c193003bd95318, 5.057928E12, 5.8361327E-30
0xe970539de5ec58e64c0e96a28e8836b60aac35a2, 3.24461946E12, 6.133295E-30
0x41a933e667c6cc3d1d10e132820205230f1f70e3, 1.25158883E12, 4.9021702E-9
0x5d026c8304a6d868577b246fbc8b0d914f775bcf, 5.1857444E13, 2.390315E-5
0x4e942130f2f6e1e12a37352e4eef7ec1bf489e19, 8.383236E11, 1.7E-43
0x0d09dc9a840b1b4ea25194998fd90bb50fc2008a, 2.59103654E12, 4.897829E-30
0xa7c06ab700ca1df4fb36925810a7ea7c27f6c8a4, 5.7603005E9, 2.2561703E-11
0xbfeb0c3dab86b2a4e1bbd9f6bebbaf69847f7988, 3.1194738E7, 4.0655268E-30
0x4d50a04adadc94b148ede1b05d17354b8dba291b, 3.41939564E13, 3.9921585E-29
0x950e6e57dacde252a4d713f704a2f2f75ca812b1, 4.3414999E10, 8.2067256E-32
0x85c5c26dc2af5546341fc1988b9d178148b4838b, 9.7442947E10, 7.560446E-17
0x082f3c7cd4c8d59d7f292d9f544d6c52e508fdb2, 5.4472532E12, 1.0296928E-29
0x28278e1dfff99f8afc86abd9dd86899a16d09839, 1.91989508E12, 3.6291724E-30
0x8ec94b09fcb334dbe005af660fdefebf1a65f6bc, 1.08999999E12, 4.0578074E-37
0x11749622bb8b00df5be07f18c0427af22a44b864, 1.70385899E14, 8.4E-45
0x68b22215ff74e3606bd5e6c1de8c2d68180c85f7, 1.45258109E14, 0.024550728
0xdd6c4fff921826442f77d8c1bd9bb7f998a5b98b, 4.99999998E11, 3.6933917E-31
0x4f3f4ddfa4a2dced8ccca4e1ddc1ab63ec76a9c1, 1.00021452E13, 1.8907026E-29
0x22948e86c9f70672d4b23b15568f6e2feac76f6e, 2.66070477E13, 2.873634E-29
0x1468e770f53426f26d7213ae3337c754bf8d022a, 1.01058745E13, 1.9103107E-29
0x0ce3e294d5b8358206803cabeb818c5b54379356, 9.9999998E10, 7.0E-45
0x69f332d681dec087f4345513df0e6730c93572d5, 1.22965302E13, 2.3244095E-29
0xc6b39bb7ba6d2f7bd99c1e136c9f2d3ae3a4e517, 2.49426199E11, 1.9677994E-32
0xa423a435b73ae103217450f95b0aa98692123800, 5.6383887E9, 6.0342024E-20
0xf230d1a2aa2bffc5a22da2e32c778cdd2f219b85, 3.35852339E12, 6.348608E-30
0xc79a07848d120bb0d895a4cd6b996aff592a9f25, 1.6717054E13, 1.2697229E-29
0x575f755125b1b2be836adc33c212963a5c211d98, 5.0047966E12, 1.5357414
0xc22fb05e97dcc675a1a900ddaec423ada2cc5ed1, 1.32E8, 1.10816036E-4
0x751befa7ba2c7edb116ee188f0ddce5416b3398a, 1.04310988E13, 2.6369017E-30
0x522c685ff5fe332a3b6a7051d3614af924884d3e, 1.48577985E14, 1.4037354E-29
0x536fe92d2b682c95ea45ff2579ee8608263f375e, 5.0290816E13, 2.8144126E-29
0xe0e27aa1278eb29bf01ba66e88c790dd8ae2c591, 9.0418348E13, 4.324924E-5
0x95a81579b30b33fc7a8976b517aded047c3bb059, 1.26573326E13, 6.889069E-15
0x0fc23e41cd8056df92957de3263af48ef028752a, 2.82687078E11, 5.343626E-31
0x730fbd4215cd63cec6a9446afd6c85bdee52c2ad, 1.02640296E11, 1.9402067E-31
0xbd8756f58ed396567ca204132d1fed15470173b3, 4.11885843E12, 4.4079204E-17
0x69df0708c617ba611f0819376c19801afd6c0170, 1.76635134E11, 3.3389292E-31
0xba4676a583b24d44aff4b5433ad9f8c1fbd3bb2f, 6.4007774E12, 9.504148E-30
0xdebbd405700884be9102456abaa63457dbec0be5, 9.9936192E12, 1.8890911E-29
0x968f6331f8e84b92bd6f8cf28eda7d09faf47e37, 1.46110808E12, 2.7619285E-30
0x7f97ea5495b1358eeca259af8482683bb2a80b64, 3.23020626E12, 6.10605E-30
0x1a7fff0fee68ec322821fde4a7d3898ca9828b00, 2.38151407E13, 2.0443832E-29
0x33ea90d236ff33e95aee54b13239e22384c00635, 2.83464145E12, 5.3583148E-30
0xdcb05f9afa10f0cf405ed39502d4916cbd96cf74, 3.40050009E14, 1.0E7
0x36953d7e9d830cc906828e2b671aa985013fa57d, 1.82273324E12, 3.4455075E-30
0x2ba1be22a6300314d51bc00f82c609a8ebd18181, 1.16227163E13, 1.399995E-29
0xe5e4c4294c2a7a01a15ba6baf42426e8b22c3d86, 5.40517564E11, 1.8799761E-31
0x4a08ee189a52e04919cb0ac0e4a35d1795f6e980, 1.55107805E13, 6.631519E-30
0x0c760c1586bb76716232080445743933f465fa44, 1.35510006E12, 3.5601316E-32
0xc3f3815b6b3990914257c2872f3cee1368645c84, 1.19793024E13, 4.9392614E-30
0xea969747b397be2bc788fa17ad6bea30fe673b47, 2.64000006E12, 1.63E-43
0x4a2426efca23a7fde4bb7ee478d3748ac9744291, 49300.0, 3.1091044E-5
0xc18842d634a683e6ea5392e3f9f23a6966c88371, 6439344.0, 6.891385E-23
0x8029be23131116159230439537d2b2906a7e422d, 1.0E12, 3.0367138E-31
0xe8d7121cb32622d8cf1702bf507f8cbda786f7b8, 5.9250001E13, 4.8958695E-29
0xec77416daee15cc0c97347ff23245b311e362878, 1.49655732E11, 7.3470546E-31
0x173766ace07dd348a7f521cf27c49398320cc092, 3.11883999E13, 5.895535E-29
0x06130120ff2b29c9d2c4838f042c57453c2de442, 1.82798238E11, 3.45543E-31
0x88e4cfa6fc638583bc55f8c261e648c8e2002488, 1.89250968E12, 3.5774062E-30
0x2a0e96141adb8f65469a610ce5d399699a77884f, 2.7844882E14, 9754.6875
0x04f1b7b746493dd2d160225726dbd5c73e31ceb8, 1.0679259E13, 2.0186975E-29
0x19af47bc80212215e70f14c7f28f4c8d3f5b83b9, 1.17769044E12, 2.2261852E-30
0x558cd3f1d60a1f5bdaa70474a5161f29248b2b76, 3.26188558E12, 6.165933E-30
0x3ed008692f29be640dae5428286776ceece3522a, 2.5763047E11, 1.009076E-9
0xb032ec905759b464a75ebbd41703cccebae77934, 7.5000001E12, 4.7832373E-11
0xf92a643570cf54dadfe760ea576aa7be4414f187, 1.99605394E12, 3.7731352E-30
0x50b998b2fc20a4d63b9903284dbaeb5394985d44, 7.0974905E11, 1.3416367E-30
0x0d7d446f776256282e4f5b8061907a75af7c061f, 1.38371003E14, 2.6156233E-28
0xc4d0ee5b642d3b429c58cc4d10bdcd92312ac180, 6.7901201E11, 9.693207E-31
0x9fb84dd30b8605ca74cb8cdc8c3ba1c43fab9e4a, 4.52661152E8, 2.5439234E-5
0x915c3143c73e200b7833236691c8651657f36e0a, 7.4062283E10, 1.3999972E-31
0x81341baa95a2aaf2295f8eb0d34cd1e47547cbad, 1.05934796E12, 2.0024825E-30
0x02f668e77f1e6ae8ab3711ca78a430e7e07af2ea, 1.00001005E13, 4.9368724E-30
0xa62a5890ea4a12088f3d07cdd5577311de603022, 1.01372944E11, 1.91625E-31
0xaa6312a204bf35712f467bcf9e0c21a5b4a19243, 1.5452314E13, 2.9209466E-29
0x1b3f8c61f726330d4ae983c30a437f41ce5b40a0, 1.12363118E13, 4.362985E-30
0x2b5634c42055806a59e9107ed44d43c426e58258, 6.4785817E14, 1.8828505E-25
0xe6392c5152cbe06d79971db7398fb23f8cf3a740, 4.99999998E11, 9.451486E-31
0x590f388c7960367c6aada8716d2f39ccbf699388, 7.8955004E10, 1.492484E-31
0x9d7a74c4d6993d145c89c55dd0f7c6ae07db47b8, 1.79999998E12, 3.4667227E-32
0x67aefbef23dac75f43e7325debb7fb8d588a8c7f, 1.00100001E12, 4.94176E-31
0x00bc2f60c7531c79048fda2529c81009158980f7, 2.00657273E12, 3.793019E-30
0x215e5d03fc348f9b21ff47768d9ad21d06c1c5d6, 1.02145825E13, 1.3261334E-17
0x8c921a01d6366b16df94ab06736ac9ff609c7fb2, 3.10175203E11, 5.8632337E-31
0xd8fd0eac52fd065b602fe515135290df2c2493ba, 1.10187135E11, 2.0828643E-31
0xeccf61ce32af9917113474b81661202007764c5d, 1.49526859E12, 3.03E-43
0x03ed7fd806de7ef98a8ea8a2e12cafc8afc4e453, 6.7283468E10, 7.200676E-19
0xb00c50d1c86fd29b41b60167b182f52fa20d46dd, 8.2557757E11, 1.5605871E-30
0xa11fb9601df3f0894b3c74ec94afeaf0a8c41d28, 1.05801497E13, 6.2785926E-5
0x5c84d541a20c77054b0e3595fb41e7cf4c0fcdf8, 3.8777385E13, 1.8548142E-5
0x51217bd40d3fa65f02e1bb554d5109438a528726, 1.00002861E13, 1.4E-45
0x517773d98f57ee7f188a0d1a9fb28be034f847f5, 3.60675279E12, 6.817834E-30
0x49a286c00595c4147737f0e5895e1a383277a5bf, 2.0001E13, 2.8571512E-6
0xdf32f0fb3d77b0152e8471a638d652f183650385, 8.2626578E12, 1.4E-45
0x2e17d1e10a8eb173ebf4c3a3b13b6f4ce607e581, 1.4286E12, 8.8E-44
0x6251a3b99a04f65eb5b0ab3071024a767cc66485, 1.28406979E10, 2.4272736E-32
0x6c82a396161ca04e0bbd20730f7ded84451f9ef4, 2.50006497E12, 1.2840411E-30
0x463a9040b50030435270e06e12b9ae2ec07f3d48, 5.1682036E12, 1.5628305E-29
0x112e9d7f2114e8af1815c9c977000f59122e63e8, 8.9960544E12, 1.7005217E-29
0x6282c40650823f7cfc1d89115072e01ac52cda6f, 5.8801468E11, 1.1115225E-30
0x764238c7f262909533f06ddcdaf80acf8da8ce8d, 2.80504828E11, 5.3023752E-31
0xf2452a58921f53a428af44892590270c7a12a658, 1.18039735E14, 1.5197486E-29
0xad78851333d19c5f3fce820c1d9e2b7bcb756b51, 2.96580907E11, 3.50551E-16
0x59ca05bcb6994999c69a30a4c548d330ec98ba7b, 5.8072203E11, 2.8E-45
0x67f00be45d1e379413127c1b2cf97f2ba37f1d17, 1.26199997E14, 2.8E-45
0x59146130d42978f32697214f41b14b9473917ef4, 3.46337575E12, 2.3832108E-30
0xa9a2e6455b22c06ae366e70ae607e39218b4fd3e, 8.727782E12, 7.8E-44
0xc74d146e2a44ceb7d5cfb7799504943349d33f51, 2.29499994E12, 4.7831895E-6
0x2395c4982630e2569b31abb55c7feae7c4ef66e1, 5.8971908E11, 1.1147443E-30
0xab4018f811bca56959b030351472bc695caae72e, 7.0683009E10, 6.1929315E-32
0x458f846b0800685cee2644dfa761448666e9690d, 1.99999999E12, 3.851914E-32
0xb4865aa43a0f32ede7e2fcb5bcce1190da5de72e, 5.0E9, 5.350999E-20
0xccec5e2516fa1574daac4c3d9daa23b7c5dd3c6b, 3.83362348E12, 1.8902972E-30
0xa7ccf6325a1a1623713a9296ef81baab7c81785c, 2.0E10, 2.1403996E-19
0x4942b5061e9e99795bd4f131c3381d39a8cdca64, 8.0261672E12, 1.5171841E-29
0xcda0d983a5c266d9957851fd909d447b77ef9f78, 7.5520126E12, 2.7742001E-30
0xb111a3c5fa225a45fc9b72ade7b1e599ab24db4c, 1.93101496E12, 3.395093E-30
0x0f5bbc22d0bd682d1ad54d6175e52d621308ef60, 1.99999997E13, 3.7805945E-29
0x4dc9b9d7bc6a1f68443878b2fb2b5b4a28ebcc9e, 5.7532413E12, 2.2534053E-8
0x7fb76ff6faebb5c0159fe87f2a733e2a996bdf8c, 1.59591144E12, 9.555186E-10
0x881b3e7746a6fef7777f78a23981a799c5427b9d, 4.21813761E12, 1.17480944E-29
0xbf3a582ba84839b05e3df4b37a37459920d25f52, 1.27001281E13, 1.4E-45
0x6bb740b57627123ecb2debe195ea5b225b4f9ad8, 4.74051445E11, 4.1905607E-18
0x925ed515bf4123e3731583a9ae65af5e7139874c, 2.70104894E13, 5.1057853E-29
0x427d5153f778c3c46e8097b98ddaa9519c0c55b6, 3.22375065E13, 6.093847E-29
0x29a3223826d235a8cffd32d1df473646c2e89003, 2.95770456E11, 5.590941E-31
0x7b2b04e237594dc17101ffccf6c2631c76ef6714, 2.36336103E11, 6.438372E-32
0x969daad7a9b0c7660f08afdf585db26a5bd30fa9, 5.32211139E11, 1.0060372E-30
0xc1fea32cfb7ad9e580a6b8d1db9cd6164936c479, 5.03358255E14, 1.3840286E-4
0xb1e053a6a6f7540c8b7722943de9b965dd2687f7, 8.5738898E12, 6.0E-44
0x751b14487c4774e45edbc810e6799c6b15f3bedf, 7.5959773E12, 3.851914E-32
0x3f69aa76ef71b3ce3fa341f755129c901e0cf17e, 2.20725615E12, 3.3718803E-9
0xad54ebf2004a12210107e32766b8e291530a547b, 3.06456885E13, 2.0553163E-29
0x002c469798e29005d824a770e348a3f8ef8eb5d7, 3.06644831E12, 1.8828382E-30
0x32e567e8b527d3194c60ea3c6a5c009d58a0b36d, 2.28218775E14, 6.4928366E-28
0x5f5229d24de56ec10e39a84a838f884330f2cd44, 8.7134962E12, 5.574244E-31
0x7d7e8dca3c03fc6c9d2c8f751640fefe4e7791de, 2.95754007E11, 5.59063E-31
0xec38afdf9ad0ff10e52515aa1a8bde2333de69b2, 1.0E8, 4.7832373E-11
0x34cbec56fda9acb93b1976ce5362069b171ef8d7, 4.4257577E9, 5.291684E-30
0x6d6a31edcbe9897a01e2bcce135aa817ed95c867, 3.97733495E11, 7.5183453E-31
0x25320ed802583713613fb62ebaaf85cdbc47987a, 6.0792331E12, 9.757831E-30
0xd40975e347501e2b32199ca11d96adb3114e7ec8, 3.61146941E11, 7.5466194E-10
0x3dbe0a3e0fa494c5c012cf5b6b2caa5ed5312376, 2.61934259E12, 4.951336E-30
0xded0411caa3e2af1c388c4bf0ff6b138c38ece7f, 1.84297796E12, 2.8316237E-30
0x4e0b838fc9596b696867565881008ea6a0b708f2, 1.40178995E9, 1.6568798E-18
0x1f06244d905d5934d4af5092a087fff8caf637f6, 9.0386014E12, 1.4674256E-6
0x629ca8804f94326379c6162f4b0b39d7a5ce2dc7, 7.0609834E12, 1.989108E-30
0xa4fbf18f53d1f5fc2bde4fb9504046ba61ce7345, 2.07024281E13, 4.884051
0x3967ac6498a9e8ef1adcdb1cbef1a13486d7e107, 1.0E10, 2.5427544E-6
0x822bc6ab2059516f05551fba88619f8119f99fdc, 4.81869726E11, 9.108769E-31
0xd4d35eb5172f641730f605eee69340700ff3cb14, 1.00004235E13, 1.4E-45
0x0605738aa3bf528b262aca6a6ed44725df1ab53c, 3.54563654E12, 6.702307E-30
0x7307540eed7894287a31562caf260e76e713ff92, 4.01522295E12, 1.0594771E-30
0x29813856a84d417b664b28704abbc68ed8b5847c, 8.5500981E12, 5.497087E-30
0x0f9db8c9963110ed3a50ca9745eb7fe8d377a70d, 3.6855605E13, 2.2316105E-29
0x91e468e22644f13cf91c1f29db14ad931497ee4b, 7.7920443E12, 3.0519548E-8
0xfc6ec7286a4ca5d92d4d1433b5a3d4cf0440e4c6, 2.40523313E11, 4.5466057E-31
0x999f19517cbacac8f1dc7770b346c103e2ec4449, 1.24612785E12, 2.3555519E-30
0x9b4b129ab2d7c2b38a8b642253d4264aab2f3057, 5.0798998E12, 1.2475961E-29
0x70c2607352084a87fe51152259ba12dbe09d5c17, 237120.0, 7.296028E-8
0x3e6a10c664135b55c98c1c3fa6c61d5ea7923bac, 1.05306407E14, 3.82659E-5
0x70137010922f2fc2964b3792907f79fbb75febe8, 1.11946058E14, 1.9735847E-29
0xb5ef60ff34866629ebae01f498a2d0ae047f4f86, 2.17127563E13, 4.104356E-29
0x027d59f5e3308c0f328d15b4f915c0ad3b46996f, 3.79177894E11, 7.1675895E-31
0x5322de604fce4665990cad09948a78ae4dd78f78, 3.4960541E12, 6.608581E-30
0xd4f68ff305562b38279d844bc1d7b75ab2518a44, 2.33577225E12, 16.769053
0xbeb1ebf6bf2ae8ca2482fdc8e22340277d4d7fdc, 8.2989568E12, 1.5261576E-22
0x7544b7da3bd457908108ab38e2a0dd65de3a6b09, 2.02345323E12, 1.07019974E-17
0x453bd8d770e6eee606152fc2da123fd0d2ecc88f, 1.2046897E12, 4.667619E-11
0x1f5fef698421f5b770146399d5899ee08b27bbe0, 3.50001289E13, 9.290837E-12
0x2e00310b273225de4de5b814662e5c29757b5b97, 2.45796333E12, 1.3544003E-8
0x88ad8416384d800398ae2feaceb7a4f8e520fcb8, 1.00000072E12, 1.9626867E-8
0x2ca46f6949be6ac5969c64bcbe9f331ec451713c, 6.3741808E11, 1.2049096E-30
0xd57edeb5fb39c79f53af128bde4815329be9cec7, 3.00798312E11, 1.1781541E-9
0xc4be72d0aba99e3de6a18f478339dd2ad15a7b6a, 5.0161438E12, 9.482002E-30
0xe9bb44b31719dc63fed6d84640ccc85cd86c2001, 1.36226988E13, 1.1678405E-29
0x84c64527354dfb74559fab83605d4785647a02ca, 5.0649445E12, 9.5742514E-30
0xb4163b1f5476abda76cecd5730adb0a03b25cbd9, 1.14300002E11, 2.1606096E-31
0x394e524b47a3ab3d3327f7ff6629dc378c1494a3, 8.5120211E8, 3.8968644E-11
0x2ed3797c71fd32c452f8e08c044144b456d357cb, 1.3426764E12, 2.5380574E-30
0xf5019fbbb5b8024281a1a5dfb9ae71d1ee698c7f, 1.99999999E12, 1.2336796E-9
0xd5e542aaec6fd1bcd68c97237de67c923401e7dc, 504271.0, 4414.063
0x94519e913ce72da7f157606630b8cc44448f2fef, 4.6562442E12, 4.309698E-31
0x93b3388d1cc926939bfbc4e8962048c7f4733ea3, 1.92712897E13, 2.7035815E-6
0xa7b5400973ee73d360f4adc88a011d7be388fd64, 1.40000004E14, 4.7832375E-5
0xcefa45c34ca8876904140d5ceb389f188f9b67ca, 7.4670095E9, 7.991192E-20
0xc897f9b0b27cb4254e75e6763881f7ef70476032, 1.31127009E11, 2.4786904E-31
0xbf276120529ad10a173b7b6e08295ab8cb4a359c, 5.4225923E12, 2.3073632E-30
0xb5e0848e9bc80085c2f6f65d649caff71ffe5bc1, 5.4949619E13, 8.4E-45
0x6e236b6a8dfa8b064b75fdea28f587be6d14ce51, 7.9204993E13, 1.5531943E-12
0x409b512e1cf94500877c5353b2a0c13b2d24914f, 89787.0, 1.1178994E-10
0x02b10bc34e7e4f9da555dae02861a7a157632ae1, 1.02581596E10, 4.017872E-11
0x3898fbad0c8394751dc506062470d5accd05505e, 1.0E12, 1.925957E-32
0x1cc7e059c594ce18302ea346697fba50b7427819, 3.21429805E12, 3.8071606E-30
0x0d17e55cb725e073f77453a0acdab2d3483d2b89, 3.00060277E13, 3.0747905E-29
0x424c8d81871180000306fb7f553a4bc4bcb91736, 1.99999996E11, 3.8980407E-33
0x71f6284c49cd3ca12a034b76335b32ddefa93477, 8.3180002E11, 0.090044856
0x506dcb8ae57358fb687ee843cdec55a8e89f189a, 2.22039491E11, 4.197206E-31
0x7a4d0296019a0e23254c47a1d1c639bfd087f525, 5.42314791E11, 1.0251362E-30
0xd23083cfed29aa22ec95313bfc560fef9ebb027d, 1.82133054E14, 2.5160125E-5
0xb92a89643eb3e04938746c1e2b68228865fa46e3, 5.0000499E13, 1.4E-45
0x41810ac81d7f628b3aece8ede0571922e14b066b, 3.95654005E11, 7.4790367E-31
0x8667b9b5fad37c54300befeca559cc9195b5df64, 4.9999999E12, 9.451486E-30
0x09b8d76d0d5723bc77af09eba85f2c7c72ee341f, 1.96595974E11, 3.7162483E-31
0x8018280076d7fa2caa1147e441352e8a89e1ddbe, 1.0, 1.588971E-17
0x531c96fdce322791479a68a2c5067fe9123c1010, 2478.0, 0.086359024
0x9528f21de107a2c9b262ce95e4b1a3a8e215324e, 2.55229192E12, 1.0901799E-35
0x6a728be0a9aa7be836f763262fe3a1d33cd0ebcc, 1.17181747E10, 2.2150833E-32
0x44a60c18140ed79ca056963a57378a9ce17b4b6c, 3.09984913E12, 5.8596366E-30
0x0b25f0a7632ae3cca5e609f78f98beef538ea033, 7.3708103E12, 1.488E-42
0x73a61a68525efcd2312ee91c8f0e376804c9286b, 1.50000999E13, 2.8E-45
0xd1e724026b6b04c83737e604af9882cec1319d49, 8.1458274E10, 1.5209007E-31
0x8e478642acc9bc2503fbecf37fb84b1beec0cbd0, 1.919836E11, 3.6290605E-31
0xcb15f3638e31f4be6070ca31004842d1534b5238, 1.0E12, 5.6E-45
0xa748dee1067d3ee1b1f495cf9183cf79c2a0ddf4, 3.99999998E12, 2.2105208E-32
0x729c7386f54879604c653ab4622eb96fbb6bab22, 1.48348003E13, 2.721543E-30
0xd17189a75a9a1ec36c1fa8aa0a68ecca92d5e84f, 3.27475297E13, 5.3100525E-30
0xc2fd295f60c0fb7724b2c677e92fbd506f6168a0, 6.0317626E10, 1.1401825E-31
0x4e7908398e1a805f9c98d0bb92edad50566c4c16, 1.29624997E13, 2.450298E-29
0x73f7a9c1f890add603aa9488cab56c1628fc18da, 1.60124266E13, 3.0268246E-29
0xe799f35d9e85b4b421ac37ced630434151d4f788, 2.08136159E11, 8.1521884E-10
0xb2d63db5cb1f263d7ccb8ad7ee99a6e479bff1a1, 2.20829008E11, 4.1743243E-31
0xf241dd01ddde6da441a112f2cf46c06dc70b6fb6, 2.0E10, 3.7805944E-32
0x689c56aef474df92d44a1b70850f808488f9769c, 2.88266421E15, 31.338634
0xc76bbf1172417c106a13295f2a218f2d10be7512, 1.76280463E12, 3.1220235E-30
0x3b237ebcbb63b16b529107b5b5dd279c8e83b6d5, 1.66423809E12, 1.2788428E-30
0x5cbd1cba4535aef0034e26632f32c6ee1b4ccb0f, 2.10610356E12, 3.981162E-30
0xd3c2eaee4b929b0a6375f30b57807a6dc0520298, 1.0001E12, 4.9373165E-31
0xc57ea67750ded06a98763d5251f062785eabf8f6, 9.09E7, 5.9174743
0xf3857413fa3660ec55f748eec7cde06b61e54e2d, 1.50000003E12, 4.6440218E-10
0x1995ee4b0b6a8fcc7ac8689bd7a9bcb395d2aa99, 7.9808116E12, 1.854025E-30
0xad5c13e0a5a704f5b1b4f511f77d13400f752fce, 1.88235619E12, 1.6918014E-30
0x91a36c2c09b682692e52bffe11f9f8a1a9b49e23, 5701.0, 0.0016427828
0x7166e14b0c4b72b7eaee346f6c115c39446696dc, 2.60411605E11, 1.0199691E-9
0x509a4ec46a191a8e3341749e47106ed009097bf6, 5.7569622E12, 2.4723358E-6
0xb0c2afcecf593004128e18dc181483c8e0012f88, 9.9605401E11, 6.8152776E-32
0x6e7d8b826067a868c0702f0214af5588420f6308, 8.4398514E12, 2.8690372E-6
0xba0e95a462905d45e819cdcba3a43b30f778e8cf, 4.6682792E7, 4.330759E-20
0x5b0a7efa42941670b96a2b49cfba44c48dec9374, 9.4095205E12, 1.6971192E-29
0x0097922fbc4b6719859ad64f7e0716452a17fb4f, 1.81934416E13, 1.5099841E-29
0x9eac92e06ba5d849295d417e167a6537c6d9c57b, 1.00200329E13, 8.623908E-9
0x82b61057e06a3a2c2ad95a8ec69eb58a9fab9d45, 2.98710991E13, 3.115336E-29
0x6ca449a67351f6462e22678ef1ba683b533715f1, 3.05710019E10, 5.7788284E-32
0x97a2fd209af1baf74827fccaa17da50108fdc0a6, 5.26053999E11, 9.943984E-31
0x9a33f648e79ef08b82e932e7943d8af1a74a71a9, 5.3255307E10, 1.0066836E-31
0x5e633878fbc870f62db20f4d625b1a0dd1cd5d8d, 2.06816425E12, 3.9094452E-30
0x6223e305029f85432e1fddb85b3a9a390e31e4ca, 3.00224422E13, 5.6751336E-29
0xae423552d528f553b9ec428ca925841f7add04c0, 4.95558984E11, 9.367538E-31
0xba9edfc1b000b974d34289fd50f3cab405256c6b, 9.0976241E13, 5.4962454E-29
0xd59263453a2d631ede6b48c2a44ca964f15dbbf6, 4.22753262E14, 2.058003E-4
0x0e1bffc9f06d121ce8682741af61fded2b8c5beb, 3.01000006E12, 5.6708917E-30
0x0ca18783cdeeffdc31970341632514f7621d615b, 1.7999799E13, 9.1425866E-30
0x3302b54c5223b2b93f5cf59468d8192188fe42be, 4.0509215E10, 7.657445E-32
0xd0e461c820094986e40c9599efad77676f6f9b1a, 8.1043666E11, 3.8882258
0x46e9b39248b8edbc78cd8ee550f71875e5297319, 9.2064527E11, 1.7402932E-30
0x1a45b4f9c211610b165062fd0a0220c019d1f97f, 1.14122175E12, 1.7723645E-30
0xe8f596d68aefc6addf7e0b4a3a1c5f462f6af1e0, 1.00493899E12, 3.8160908E-31
0xf06b6cab4eab1e28f5ff8275f4f78262f05d1a6f, 6.537627E12, 3.81656E-37
0x5994e4f9527cf22952de5cdb905b2b342faa46a4, 4.58575708E11, 8.668444E-31
0xdebf354e12c3ddc511e9c474c1389f569b31f905, 2.84020001E13, 1.3585352E-5
0x3071618a638088c70e14400904965f9553234f2a, 4.95913632E11, 9.374241E-31
0xb6edb01bc8f0d453e6194cd8a8b5fcb29d4eed05, 7.7521986E10, 1.465396E-31
0xa0a15725b32dfe284768d482b76f7d7e30140206, 3.65894496E8, 2.0298345E-29
0xca82f6e4f04016aa1605bfb207f1faf7e24e7128, 2.17924266E12, 2.9974034E-9
0x24a5baaaeccbf693679cebd288d8dc28f3959d8a, 8.8938814E11, 3.2804797E-16
0x432077efec7fe90c29d99a1c42223ca36bf3f64d, 5.21268855E11, 9.853531E-31
0x9d65298771aa4b981d50df81166a011312c6b9ff, 1.04008299E12, 4.073753E-9
0x233779987b1806725d6ac336cc473fe4e277098a, 4.6999999E13, 1.0629417E-11
0x42a89ab80ce28d501421bea84f03c69b228fc850, 3.9974133E13, 5.6E-45
0xc7334f65deca14b53b0e0c5e838e011c823dcd83, 1.71706614E12, 7.334235E-36
0x9410e487c54888015e3d8ab64a775856d2987aac, 3.87388041E12, 12.172118
0x43223a4b5707a96c09db09148f0de7762e08a350, 1.51856664E13, 2.6000036E-15
0x2bfcc78ced0168f1acce08f6affddee1ff19392b, 2.09932878E11, 8.222562E-10
0xabe421ca125f7b9a2f8175f56bbba3266b2c1392, 2.40006233E13, 115.14763
0xa0cc7e50219bce97fa4ce6a6f4c54fd970100497, 9.9999998E10, 2.064519E-11
0x83fa983216ef5e7b33406913a93cb31278f8760e, 9.7732092E10, 3.1626955E-11
0x0217890a463fb052e5a5878e495498be15c1f765, 1.02506509E12, 1.9376777E-30
0x3591d261da9ca19d83de5028d4caa02f22aaf9ee, 2.00000094E11, 1.9500014E-18
0x27508ccc69adf9f6d82c33c754cb80177fa32ebf, 1.25581918E13, 2.3749985E-8
0x84765eafed50e3451f18665c902b71fae28f89b1, 2.40757663E13, 2.8571544E-6
0x23ae3b8f904f82a643a3a1a9115b4913d9b59cfb, 4.06927817E14, 2.348997E-28
0xb28f306809fca8f17c91a1ed4314efede128d2bd, 2.76112878E13, 1.4E-45
0x7586a8eaa6587d8ad1e80061c899e378124ab59c, 5.0197944E12, 9.0995014E-30
0x8d84c1ad78281dccad4875902957fac15df2c256, 5.9000001E10, 2.2024457E-32
0x2df401a65527adaba2b49fff9c943b2f7f2e9c01, 1.62337045E13, 4.9861694E-7
0x99e130f5e1b3b3d3d65fcee42dc591cf03e7a67b, 1.14982545E13, 2.1735118E-29
0xf0b2c8400e694672adbb9d64ba1d2b02b0aeb273, 9.9999998E12, 1.4507784E-8
0x25144696361978b5f63d08b0f0061e871d64c89a, 25313.0, 2.708997E-25
0xbf01f5a1bbd51530a3e6b6b5e4cb7cfadcaf4889, 1.07761002E13, 4.0132325E-30
0xc6ea34afdb9fc858462ee0180a6c7b4fd60192c1, 2.0724E7, 4.3279763E-15
0x71d5b5bd8e09e51a22a8817e683e011283157882, 7.4471054E11, 1.4077243E-30
0x880d7bcdae86ccaee1c82ea25349b4172fc33a1d, 1.65294742E13, 3.1245616E-29
0x7fc5aaadae3409b90d56921b9f69fd04211eda43, 1.99999996E11, 6.073427E-32
0x3e87c651a444ab9482a8b789582a6ad86628cede, 1.63862675E12, 3.0974916E-30
0x3d9042cbdfd3dd1e0b4e81f3eaa1afc0ac772a9b, 1.34224978E11, 2.5372512E-31
0xca1a06a7f31c38e54f1155841aa293a39163f2b0, 7.5102526E12, 3.0367137E-33
0x687c5d243a6a1362cc5684f38968b245d29cf4a5, 8.0926717E11, 1.3066325E-30
0x97389e9c35f48e27f3ec921d783efbb024f75e70, 2.96001372E11, 1.4361344E-31
0x351d949e1892eadd02e0c9e795088a80f5383353, 3.32122063E11, 1.3008415E-9
0xcb0c026a5ce8a8ed363b9c060da535ca79324ba9, 1.03867541E12, 1.2276874E-15
0x521f440899803a110cb236747767c71ecf0e9d0a, 1.99598686E13, 4.2E-45
0xe710c720068a457e52b1261070b320ee3b03aee3, 9900.0, 2.8E-44
0x74ce104b4cc8c0f91e87938a84ce96b4df4fee73, 7.2160628E11, 1.1264848E-30
0x5445c0719dc90f70b22ec8c2e225f9e6b4774940, 7.749035E11, 1.064027E-30
0x8dc4115cc1fb29fb09ad0024ac0b71ff3ddbfc4c, 2.38572929E12, 1.2483803E-16
0xd546ddfcf2680635680b42b79717441e6e5ec5cc, 2.07419998E12, 1.5E-44
0x59c9f2c79714ba583d2fed3c2544693493d80f7a, 8.9999999E10, 4.6975575E-30
0x420da32ae11ef7911bef0a27f37b16849fcd1672, 6000.0, 1.22E-43
0xc7d63954f9b722d172dde160dee98e3ca01a1913, 3.99999998E12, 1.4E-45
0x715bee4189b381ccbd5a48ef1d89191ec17750ce, 3.35598715E12, 14.946728
0xcf83013f41790305c32fcb9aa972386534e2e4ae, 4.37738825E12, 6.91771E-30
0xfd86142b54a7838c6f4732459a48ea6def5610bf, 1.00007003E13, 1.4E-45
0x3198af8d57cba0ba93a7f861432f148b37c3af98, 4.31500198E14, 0.0699258
0x07be7f5b32f7ed28adbf23d1ac007d064519601f, 1.60924908E14, 2.0035659E-28
0xaff4ac0f844d2efba41745ed6c76907200be88f2, 8.7164474E13, 3.4557488E-29
0x908e821d223360f57e570eccb8803f3bf08b85ab, 1.78232628E13, 1.4832608E-29
0xaf8028b08096fcd4e16c98912d2c4380e4a1d26b, 6.39E10, 2.3301804E-30
0x47674e6aad09b70996e3c957544ab910a69f8c2b, 1.00004235E13, 1.4E-45
0x9203423dd16f62ae98bccb0535ec6f86e8927963, 9.3939239E12, 3.2904908E-30
0x338f3ec014d7edacb98506881d1e18dc00980fdc, 4.99999993E14, 2.3916185E-4
0x8779ed51db766f2b999834873ab520c6305d21e7, 1.33884333E12, 2.7197267E-31
0x0f67e24ee23b4df92161836a78125025cbe4429e, 6.1119487E12, 3.468514E-29
0xbf45f4280cfbe7c2d2515a7d984b8c71c15e82b7, 4.92105856E8, 4.802131E-21
0xeb67138fa9bd6a8a1e754712a73abe3be9f1a66f, 9.9999998E12, 4.2E-45
0x1f753e837ff931a67faf84607de50db732daf39e, 6.7294816E11, 1.2720721E-30
0x20959ff4e4004041ce1b453d56c808b76e10b7f3, 5.734919E12, 6.7785264E-15
0x1d0c80e3da0e7feebc44954c42b6c374d1828e48, 3.16805317E11, 5.988562E-31
0x30300324dfac52c7add58f9796f9162ed62a0fcb, 3.44800985E11, 2.00539E-30
0x4b999e06ddcd1c28b63ede3b55fc5944c1b69a27, 2.00327535E12, 3.7867856E-30
0x58e0d0d9ebed8a3cc112d8d49c542c8a02441490, 4.41679643E11, 5.22054E-16
0xd2ce22e22f4d985c832909b1c9f1bc5e304df1ae, 2.01772245E14, 3.5E-44
0x1462a3e5f784646dfcacba9bf9f61c224c37c9d9, 6.0347298E10, 1.1407433E-31
0x90743809bab49f3ac12e7638fb55bf802a65c619, 1.53311091E13, 1.9063666E-29
0x42f0359a6653717b55129179436dae4e7bc07a5d, 2.36447E7, 1.6159762
0x8b26f18ecd935dda733e76d48a7559529f366b6a, 5.23222974E11, 9.890469E-31
0xbc5575fa4a3ff18b43bfd479bf1d863beabdea28, 4.78288052E11, 6.6E-44
0x4b1fe27f37d9028b415094f938c88a6e2c2d286b, 5.097E12, 3.274127E-31
0x90ba736406b17097082622a301c35f7a84681e07, 1.29108347E10, 2.4405317E-32
0xe1723e41058cb01859e9826022a390dc68a9ab71, 2000000.0, 1.5364475E-15
0x38cd62535a782fafbc5c69f45ef7ce613e457b55, 2.5710746E11, 4.8600955E-31
0x1f99cc94ce4bb486fd9d36c351fa567c6b769391, 4.33253417E11, 8.189777E-31
0x4dccca864c3a245f03406e7bb81754a9dccea706, 2.70086504E11, 5.105438E-31
0xa4005f0c192ee6bd2f8cbeb905a8cd416fac81a6, 2.0E10, 2.1403996E-19
0x143ca3db3f181ebe3ab8da168127350d82ab8be0, 1.94339217E13, 1.4E-45
0xb517821bc4bd7c99a998b066c70e685ccc00958c, 9.0985002E12, 1.3481699E-31
0xefde47c53d54654f0a225597d4ef7f28e96d843c, 1.4720274E14, 2.7E-44
0xcc4364e3c200c14683075f3daba036b7db5bb0ae, 2.01673114E10, 2.1583051E-19
0xe09f941bc30eb0132372d8ad75c826d29b1e852d, 9.7912318E11, 1.850834E-30
0x2e476a52cbe95935aef4451d50f2a1a9f19610e3, 1.20829995E12, 4.339111E-9
0x07cf39f9ca2ed1a9dfefb612e59892b578b28270, 1.23199996E11, 2.372779E-33
0xb65b3d5d2ebf7eb3e95b88d07617858d0c00f0c3, 4.2453197E13, 9.444027E-30
0xcd5d8841b16d0c26f800449b9e48ec2c069340ed, 1.59999999E13, 1.4E-45
0x82542ce2a25eb8996b76f685023532b2367701ec, 2.1087744E10, 3.9862104E-32
0x8d12a197cb00d4747a1fe03395095ce2a5cc6819, 1.23888877E14, 2.46121E-9
0x0d8a699a7ce8afd8a572a69e8001bebbe85c5443, 1.31893893E10, 2.4931865E-32
0x5a333c5aaed62aa473e404169f9f8f989be5dbfd, 5.6020263E10, 1.0589495E-31
0x043b503501b13ad66e48f365b94a7d902d99a430, 4.9553785E13, 9.407E-42
0x72dd4c52cf732f64c10967f63ab98848092b283d, 5.2780225E12, 4.3368087E-19
0x40b2fa54c581fda5fbbcdd37f2c3a2db6418dd6e, 7.0011989E13, 9.460902E-29
0x5c13a7f45fee20876e2359698ab55b914c1156db, 3.00000005E13, 14211.46
0xcfe40a605785eb0496dbad63e0f4b6685b17eff9, 6.984781E11, 1.3203312E-30
0xfd9b2240ff070417fb04b6db3944692334916056, 3.6478399E13, 2.4161248
0x7943740a8153bb5beabc467b6d8c3d6fb2b56f7d, 2.0E9, 4.619401E-30
0x6059ef0a9f64cd4733dd6b37235071e80e18f764, 7.577216E11, 2.9678116E-9
0x8aafd124e48397de9d960a22fb45bb1e71907e9d, 1.0E9, 1.3158759
0xc940bee56550d54b964c91e199c9810b3e8e2ee8, 6.4588028E11, 1.2209058E-30
0xaa865579580b29acf29ac88f4722df24e111028b, 2.21927E13, 1.5156404E-29
0xc7d2fde79bdae639115607a5bddd1596058e9c29, 1.01745525E12, 1.8680601E-19
0xdb84eb7f85002cda9ae366ef0d9e3f40edf42f93, 8.5720433E12, 7.792168E-30
0x1c727968f3fb580a712a8c52f06cafd1bcf3c96f, 5.8665218E10, 7.203923E-32
0xd35a2d8c651f3eba4f0a044db961b5b0ccf68a2d, 7.7932219E15, 3.653951E-5
0xc4a3507f01286c0ffe9fb375e3dc3c8ec9bf462a, 5.11709708E11, 4.542831E-31
0x4d29c9b31444834c3df91c598e3c5da3e77d8237, 4.9110711E13, 4.797693
0x93bf65d3c79e551605fab8a3efe6031c3d2733d5, 4.77715038E11, 6.238112E-10
0xaa98eb0cb8389b118995aad028a28ca3f53923d3, 1.49721511E13, 2.407E-42
0xfa34fe176fe11fce63871ec2490a0eb3cd8b485a, 1.65584306E11, 3.1300356E-31
0x22c7430b62c51c9ecefa87cec99ad88227cd21f4, 4.80053985E11, 9.074448E-31
0x0322209303f3678a00cd7954738acafaaf0f48c5, 1.00888253E14, 4.6677687E-29
0x1b2087028502ab381581102ab61f4cffe21c8e47, 2.55826887E11, 4.8358883E-31
0x7582ac6dc157ed93da48c46593daa011b99e9e3b, 1.96252915E9, 2.1002983E-20
0x2a0c0dbecc7e4d658f48e01e3fa353f44050c208, 3.35420483E13, 598.1255
0xc7db2b22e222843cdf1d598a5785237bc797ef0c, 4.6503498E13, 8.790543E-29
0xf50d577bc1aebfd1a35b72002e797018557161f4, 4.56711602E11, 8.633208E-31
0xc7deccd03fa3c1a0965dc2d049b12c7ba1aedb38, 2.01513252E12, 2.6801965E-30
0xfeeab87aa30fb4657ba00907e2908d6d4d05e46d, 1.12902685E11, 2.1341963E-31
0xc5f280e15c86525ac4f448db932a57591e11ff26, 7.0639162E12, 2.6439354E-8
0xe3c0856362efcf63a7d2334950a984e420dc80fa, 1.98645886E13, 1.529545E-29
0x6f7c1787cb060bbb9a3ab6a4fab9e1cb931e320f, 9.6095306E11, 1.816487E-30
0x8c248c997306e638cf8a6b937c76ba9fd880f127, 1.32791612E12, 2.3694347E-30
0xb9961b0c58a49f6ea80317ff8f302124ac47ffcf, 1.13021026E12, 2.1364331E-30
0x3e5583700386fe15d92f1a57f3d37eea380cbc01, 2.1353258E12, 2.1782556E-9
0xcb254c6a6b79f3cd00592bb874645df57d6b6fb3, 7.858547E13, 1.9750254E-30
0x14a2d0c138bf96db8799daeffe1a3e34849d20fd, 5.9879609E12, 1.4E-45
0x9ac53fcb8d0d20348503f6359f67b1eb6b2fb587, 3.2963054E13, 6.230997E-29
0x9cbbef814bdc979bb116a65be0ddb1d5af679625, 3.23971908E11, 6.124032E-31
0xc92352c956ded5d64aaf9e94c35331523607bbf2, 2.37713572E10, 4.4934932E-32
0x01dda53c757b16b9cf4503b91451e68b7ccb0ee8, 2.73262244E10, 5.165469E-32
0x9ffa1ca74425a4504aeb39fc35acc0eb3a16a00a, 1.08993138E12, 1.4642655E-9
0x426de1c2266ad5bc513e0b07c90ed52f78908b1e, 6.5122471E13, 1.03546295E-11
0xbeddd610cb09a9fbd50985020a513581a1870c15, 9.9743273E9, 1.06745235E-19
0xbbd9312f8fb2ae80e99cf661b47d8f3f1f151b5c, 4.99999998E11, 5.845412E-4
0xb16731ca39b5d90bd0521e3edca94ce8c3725657, 7.6627512E12, 1.4484878E-29
0x276c826a6107675be038cd94b33e730801e2f6ee, 1.0E12, 3.0367138E-31
0x16bd7941f69502face11f9c946612128fcda6d83, 2.49609952E12, 4.71837E-30
0x274f3c32c90517975e29dfc209a23f315c1e5fc7, 9.9432025E13, 0.0012739272
0x80187ee12ea496461f1911b6d6904a0428a680ea, 6.519202E12, 1.1481218E-18
0x052d409d5855f2f2479d44b7acf7c772455e0434, 9.6340591E10, 1.8211235E-31
0x281a51e52b1b060584b00f70d97267f9fee1c862, 2.10704571E12, 3.9829427E-30
0x934b57b427edecb78e68a249a0c193d5b5c1e5f5, 7.0824871E12, 1.2330002E-16
0xaaba07db3fdb0589df4980271d84f06f5ff9d76a, 4.05975178E12, 7.674138E-30
0xdc4f669a9b8364eb5e42439143d6258398d54e3e, 9.8358492E13, 6.872835E-29
0x29afef1517b3179e4cf77fa93ced5c28d7b0b089, 2.7128004E7, 6.774655E-18
0x1550d41be3651686e1aeeea073d8d403d0bd2e30, 4.6083156E7, 4.1710003E-18
0xc27427a4744d17d8f1007c5ca0f31e95e6f28357, 2.62566917E12, 4.9632953E-30
0xe7c3c34c93fbc819258a09435131d643cd2c5cc6, 3.05632575E11, 5.7773643E-31
0xf60ffdba8c3ea550c0848b1f817b443fd241786e, 1.99999999E12, 9.595386
0x9e817382a12d2b1d15246c4d383beb8171bcdfa9, 5.5491899E10, 1.0489619E-31
0x8ddfad5bf3aadc6b06403f9922611eb40f4f4ed9, 4.99068207E11, 9.433873E-31
0xc22e2ee2e04fe71b6a7fa9dc2735bd26eab90755, 1.11550986E13, 2.0967018E-30
0x465f7bc2cea09c12a8e464d4f3ee03a5de4527f1, 5.0217521E12, 2.5037838E-30
0x35359b5c410d2473cdba8b4b85fe7455c1c8414f, 1.55312941E12, 1.499333E-31
0xd457e8303a82b18a0336356198966ced77ffebb2, 1.00006042E12, 6.2E-44
0xefaaba21e3d798aa1deecbdc3012af42a3b72b4f, 7.9682758E12, 8.716746E-30
0x6ad2fb47003acf9de5078590804d0d385d52e2b1, 1.92654121E12, 7.545795E-9
0x4310386a122d1e80aa09e27a97fc8be6c5c07779, 5.5000003E9, 1.500006E-20
0x0ad4641aee60d7f765d18ad5b628d5f6dd5cbe9c, 3.61230008E11, 6.828321E-31
0xdb30ace2f50db33d0dd6c940f05d9dba5657eb76, 5.1370472E13, 1.664208E-6
0x4dab7c8b6c98b6ec757675d6e383144b9bd9f0a8, 1.06596747E13, 1.4E-45
0x0e205ec33427502b2d11c67ff66014afd5ade9f1, 1.23487576E13, 2.3342822E-29
0xbdcd4533851222551bd71f0afd501c8c8556488f, 6.5715118E12, 1.24221105E-29
0xc1373b589960a099e6c5428bb8b4ee0651123259, 3.5001383E13, 1.4E-45
0xc966cd17547569c1b4a4a2b88017098a67fc32d5, 2.84702048E11, 5.7E-44
0xf08c1e7e544bbb7717fe8bf8b8f44be5fd847cd6, 3.24038584E12, 6.1252923E-30
0xca620c2c346b9c1206d519da395805aefc45ac9a, 6.6307457E10, 1.1968881E-31
0x90d3f81c7e825e831da8ae1183ea9ed85df13639, 3.76523483E12, 2.9168653E-30
0xabd8cee5a93265fc7d1f9e45f0169294d01b8802, 8.3161632E11, 5.8504063E-16
0x6d9366b0184820720598ffc940ff05ddefe02752, 9.5954002E10, 1.8138159E-31
0xac38f5c9c0a4205f17364dbc44c12002f67ba621, 2.91443992E12, 3.7731352E-30
0x85a5d4a6568bce3ca52fddbec8c00ba4d5cf6571, 2.3814783E11, 4.501702E-31
0xeceffe04767d294d377710e259845995246da9c6, 1.57224419E13, 2.1587977E-29
0x03d51a48eaf1b69f1858ceef86c29d45482dc0f9, 4.6370367E13, 222.47076
0x0e296042dbd7ad195e47ca332907161d9d261e1c, 1.53850937E11, 2.90824E-31
0x376acb5407c6d299462e09a02e1211ec1027e16a, 4.0125489E13, 7.5849104E-29
0xecb3531beae3a8d1c0827a8ce461025835feb8fb, 4.9999999E12, 9.6297855E-32
0x38b2197106123387a0d4de368431a8bacdda30e2, 2.720187E14, 1.30113E-4
0x62fc988d6063492b28eb7c1b2dab97298e374292, 2.53246078E13, 4.9373165E-31
0xf287052e811693458bebf171f518a167b152beef, 3.45661506E12, 6.53403E-30
0x08d60675de2e6d681722e5462e7df37d88cc0754, 1.10288293E12, 7.890573E-31
0x1d0b07cbc71f6e050bf284b0530676f008bef34d, 2.50061554E11, 9.975844E-19
0xebdf7c3a7f12bc07017826a73be809763b3ce6a2, 6.9904078E13, 1.3840286E-4
0x7ecfe862e94de220a6f38546ba0e823141716ce9, 393942.0, 4.2159665E-24
0x65fe9f53a25e0d10672de285ec2b1ebcd37680e4, 46.0, 3.398191E-30
0x1e3d699191ef3ee2a4e9ca4cc166b9704acebf3e, 2.94642474E14, 6.904235E-30
0x374d8a882ad5386834adb3bc21305a777dcbc250, 3.02480196E11, 5.7177747E-31
0x1c519d2ef9c8cae9400fd56ce43fba146615fa2e, 2.49497435E14, 4.5E-44
0xbe51f9ea974ebcffafef13cfab0fecabf20e584d, 2.43199246E12, 4.5971888E-30
0x58c538f4c5e57f833979e114e6bd6ebc1b222300, 2.44976399E13, 1.3479775E-31
0xe05180869f7a8c60a7818d75236939c19ad4789f, 4.6053999E10, 8.705575E-32
0xd4a0d46634505f07fbc68c68103fce032b33a584, 2.42108006E11, 4.576561E-31
0x7ead52d789624b549876f1d66ff2d6d17c666bc6, 2.03969226E12, 1.746053E-30
0x46a929e95c585e23d411b452ca14568da143901b, 3.62803069E11, 5.942183E-31
0x2e2df145ebd2702e1be086b1bf04a7149d32ce9e, 5.9816407E10, 1.3E-44
0x034defbc60faf17e46abb3d8bb0b6124d06de89d, 5.3919676E12, 1.01924215E-29
0xf4a14010acbe82428516415a117b157b59cc6bb3, 1.25372187E11, 2.7970297E-4
0xa2a826452cf39bfdd15086a7167f22a877f5048c, 6.4100704E12, 1.21169386E-29
0xaa9ed9eaf2de3aca232d8d31e74a98e92df3999e, 4.03211393E12, 7.648858E-30
0x8a613bb10e71c5f09d96c2b5280dedef3d9dbf03, 3.66424916E11, 6.9265205E-31
0xe4d42b803b969c4f38810212dd7308c16daa24be, 7.9930029E13, 6.193909E-12
0xda7a275c329017ecd1e8f091afffa3aa98bb2121, 5.8441636E11, 1.1E-44
0xf7793d27a1b76cdf14db7c83e82c772cf7c92910, 2927156.0, 1.1153845E-16
0xe388cc88ac2446530e500c3718a3ea94d4e3f422, 2.18999992E10, 0.105069466
0x4c49bf0e5587de02e70aede7ea1462479a4c8f96, 9.9110801E11, 1.8734886E-30
0x7501032102da6e88aedd69e6f251705a9bc4e2a3, 3.0257827E11, 5.7196287E-31
0x240278d786757c1494fbd4cc54d945503b998dfa, 6.0000002E10, 1.0701998E-19
0x2bec9497ff7851c94e105143865da680feb91d09, 3.9979619E13, 7.0E-45
0x50b42514389f25e1f471c8f03f6f5954df0204b0, 4.4576694E13, 8.42632E-29
0x6fe5c3e270576372e586a915fa1e1ca97a9a52b3, 4.0414568E10, 7.639555E-32
0xfea20eb7d9dade2bc6890ef303e3f5e5cbae2af3, 1.75357428E12, 8.434021E-31
0x6b46878ce0b0b5c0d31dfd4b05c4d577244e3d0d, 8.6486541E8, 9.2557875E-21
0x776b909e33de14a21792eb1a9bbe9dd01b0b8faa, 3.9170676E13, 3.3919009E-15
0xe6ec7f9c717c98144eda028b5fa98c2f16907c70, 2.28856494E13, 1.9578015E-29
0x0819743fe98dfc6b5604672bba5473c9ad660b97, 5.3026193E10, 1.0023527E-31
0xd63c51d9bef8b03238136a20b8a51b8e4106ac86, 219044.0, 4.5859375
0x4df2c103fae233ffdc1d3fcd0e01472263184453, 1.9426519E10, 2.0779885E-19
0xb85869d27b654902ea0d963a7f8ff53bc6178ace, 1.00868647E12, 1.9067173E-30
0x5ba44cfc6672522e2c560830bf87024604dbcdf8, 2.25404885E12, 1.7108207E-30
0x308fc97badd2a5dfb27052a931e317c1723a0d43, 1.5E9, 2.8354461E-33
0x67c7f02f4792567fac71f9563800a2b550dd3f69, 5.35813685E11, 1.0128471E-30
0xea174e9c6cc14419f36ade20897851f2bd1d125d, 1.50000005E10, 0.03838154
0x63d86a3323e5c3441318c678cd5432696746c596, 4.9723364E12, 9.399194E-30
0x9f08e589d8e1d04e2269157e350b73c7d1ee0a00, 5.95454E11, 1.1255851E-30
0x10050ad1fae9158680bdc1fbef221b0f80f9e028, 2.46700006E13, 1.1800198E-5
0xdbbc01a8227fcea4630969e24ab510e288e78f52, 7.6159169E11, 7.6763406E-31
0x880ff690e99edd89fcb77b9ac201eafbe89afb0e, 8.1740282E13, 4.4204097
0xa9e2f0abb25b6f5a4af959469be0e17d583ab688, 4.99967984E11, 9.4508815E-31
0xd80a3583528a056888494673717f3ff2975ddcb4, 9.3999998E13, 2.1258833E-11
0x9318ef7efa073c0f5ab9d97a780d5628d59f3458, 1.0E9, 2.7102267E-34
0x0c78bf3b5da90e93c22b8b41666f8b30472358c1, 1.33223552E13, 1.5407656E-31
0xe54a090cab269cb531ec54c65d5519defb272bca, 6.3803091E11, 1.2060681E-30
0x3da3050208a3f2e0d04b33674aaa7b1a9f9b313c, 1.84519051E13, 2.6246353E-5
0xa6b1b06ca8d91c7c3c1a30d3ccdfc078e053b6d3, 1.39512611E11, 1.4930637E-18
0xf3fb50005992cf07b605e105d6feb772fc8a8870, 2.52492781E13, 2.0870856E-9
0x3dd855940338e7b2fb488614ee064a2feefa243e, 4.3081626E13, 8.143709E-29
0xae6c73ad16730394e4c1c6f5f36cc62564cc95ee, 5.7964761E13, 1.9311967E-14
0x0748506520144e22c5d22e47447666495d7ea982, 7.2719406E12, 8.5952465E-15
0x005a1e9da3f04e5c46db2659115fee196a8b890b, 1.34604089E12, 2.5444175E-30
0x6b163ca9a0436f508403624da8d8a952fdd44a65, 1.59400709E12, 3.22E-43
0xca67c680c20e3d303aac466a57062f4e49698e21, 9.9999998E12, 1.8902972E-29
0x6ee069db6e81527bf7ba26e536913a166fba1352, 3.30015326E13, 2.8E-45
0x4bcdbb977d65aef756f7269c46d7982091cc4162, 6.967275E11, 1.3170221E-30
0x9936934aaf58b50406943890ec4943b1440b2c7e, 2.00190053E14, 3.4E-44
0x527539f67228c54af9e7a664af9baf277cf763df, 2.996054E12, 5.6634325E-30
0x5a197d3524b0268115683c6a3697f1352d49efb3, 6.0202701E12, 6.881002E-30
0x1bec99c1a0c98b6d98d7e0dd89cae58e95a27ed1, 6.0699279E11, 1.1473969E-30
0xf1ffc138e7b95501d0dc2bf2df73c268b42bccdb, 9.1425296E11, 1.72821E-30
0x245f09f18ee021d7c3b93d430b125b2f7357efd1, 1.76726855E12, 1.0982826E-30
0x5513e95eb8a3c5059c6ea2bea841e8a4782f26d9, 1.0513932E12, 5.943239E-18
0x599266e9b5c0983b9f68f13f1834fdac9c2f0ff6, 2.97162998E11, 5.428234E-31
0x099201d88f322f95f0c542f4966ca925d995049e, 2.5178692E11, 4.759521E-31
0xe6e1e693306fc4690998ff52a0d6e95f60976884, 1.47839412E13, 1.7474237E-14
0xd7b325792fcd5d78e0ed36089399b12153507e2e, 6.5124231E11, 1.2310415E-30
0xe5c1430d7d040f69d3fb75edd20e17952e736ba5, 6.6869998E11, -7.2759576E-12
0x33208c4962b530473d0dc8ce77e3088db340f0e6, 1.99951615E13, 2.8E-45
0x2ea8cc6e269772fd712c97f0cbf9fe5a2cce75b0, 2.55705009E13, 1.22309775E-5
0x271d272d4d495da362cdc462a55c70291db980da, 9.079176E12, 1.5479159E-30
0x44d5f34d4bd606ab97902ec88a7d9d1b28687384, 3.9715101E13, 2.9E-44
0x648c43761c3d3e77335e3e0eddf490d38793d0e0, 2.07004212E13, 7.019749E-12
0x90461797d4b8948b51ff5cc720642b50b72ebac7, 2.39003723E14, 1.5896424E-28
0x4d7a23b2f8bb70d6ba53f50ac6b3fc11b4f7c43e, 1.17063905E13, 3.7386676E-29
0xd849351da87f676923bd02d636e1f5c5392ef85d, 2.49999997E14, 2.8856998E-4
0xada51d266d5f0ee6a2149409a40e5f7cdf4c710f, 9.9809327E13, 1.8E-44
0xbc90b3ce40fc3ed921d910f3e046c65954fff7cb, 9.4829963E12, 1.7925683E-29
0x43a357253808d22c1b1f5c2703c0e5329d582b90, 1.53850038E13, 2.908223E-29
0x7a96fe1f2715090de00ed6ec22f446a65145fa06, 6.9878081E11, 1.3209035E-30
0x8b79b3676f4bc4349527cddf3f7720f552624e7f, 1.09833439E13, 2.0761785E-29
0x631564e4d2feae8c029c9ef4ae497900d343efba, 1.06357752E12, 2.0104777E-30
0xf4b53a8b9e17e8d194fc407f19581cf797e23a1d, 9144909.0, 3.4640625E-8
0x88660bf30bf3af1da0673baefacd350e2ce978ad, 4.6005924E13, 2.7922626E-6
0x5a2ca8319737d79ec8c3f345ad92610bf1ccfa17, 2.35610676E12, 4.4537423E-30
0x588c66de3620f9372fd6a1ae5ade752253676d33, 3.2637746E7, 3.492891E-22
0x99e4e6d5045230436f197d27c511e84e3e43dc61, 5.49653E12, 1.0390075E-29
0x582ff216f2eddea8630b873382f0c5834f278e13, 1.59396334E13, 1.8724762E-29
0x205ec1ae4784d6928daabb6c917fd9d09753e916, 3.27323996E10, 1.735565E-18
0xdf2e65f92cabb76157f4e650579906671e6be131, 1.41897016E13, 1.5304646
0xba8915c57db0faa592366cbb4d4084f1edf9caa1, 2.33542369E11, 4.4146447E-31
0xa9427310f263a6ff79d7e7e943f3dc9f3d8e3b0b, 2.57517502E11, 4.8678467E-31
0xf6f90fb02fc7de2b5b0b8d198da6b84814a121da, 1.03000447E12, 1.5797055E-30
0x9a523a5461b50d5fc5be0afde05c471e8a197559, 2.96053998E11, 1.8176445E-31
0x3fd15d0dee55befdaa2fd503777280a412d14c70, 2.90432295E13, 2.2915369E-29
0xc2ba04e89016f417e1219af7ef82a5b6a9214793, 1.6511423E12, 4.7832373E-11
0x06a6cd08ec265e5eafbe8a7edceb119792eb3870, 7.4299998E11, 1.430986E-32
0xe8ac0cf3a9cea74e7653a863499e8e661440be13, 4.4909541E13, 8.4E-45
0x989f5be83de95e2d91373aabd916d6b389d7d11f, 1.28599998E11, 1.6543379E-13
0x60ef5797bd0fe3e2081127cf80aec5d837dbb522, 2.87387922E13, 9.411491E-30
0xefd0199657b444856e3259ed8e3c39ee43cf51dc, 7.9687074E10, 1.5544463E-10
0x1f5bde6ec7ddac6b2b468688c23c7bc0cca6b16d, 1.39881398E11, 2.6441742E-31
0xe2ca7390e76c5a992749bb622087310d2e63ca29, 3.00000005E13, 2.068295E-8
0x8b18463e5af0f83c6d91a600ed5a3764dc6527db, 2.28464561E14, 7.1850597E-16
0xc68b3d448b103130d24a92fcedfc2e89889ac2f7, 9.2017651E12, 4.3156874E-30
0xf1836b527450df1235b9113f25a3963ce5e0dc18, 1.37142993E11, 6.2843572E-15
0xadb5c11af54c86fd85f8bbbd118ac3e39db741b6, 2.61915148E12, 3.0957695E-15
0x0a52681d892782e5bd78d12f199278339b441cc0, 2.75151618E11, 5.201183E-31
0x204a84293120da5bd1635e7d0c85d922ab57d4f3, 1.70399996E12, 2.5651333E-30
0xa76b6df0f05266950f77577a6cb3eee906c3f647, 1.25649997E12, 2.54E-43
0xace1941d6e8fea12194f74a55466c3681ee61770, 1.51886286E13, 2.871102E-29
0xc6659d67f92d1ccf4a7823d7ded08833fffc4723, 3.32724994E11, 6.2894915E-31
0xbb9451a277090be392ec1976173f2fbcb318cee7, 1.00539187E10, 1.9004896E-32
0x1b57434ccad8ef527f951dde8bc60d9498e3a6bb, 1.57645076E13, 5.0427346E-29
0xca1e276f8d97747837dff24b44a16c882d331b8f, 1.18930997E11, 2.2481496E-31
0x320ee9b5ade25bd02f01438bd996ffe4fd1d72d9, 5.34007742E11, 8.204036E-31
0x5b5423543c6f25a79a745665b8268377ce10adb7, 1.25431067E12, 2.3710199E-30
0xfd3709d7bcb50b80fb45bfbd19dc0d81e069e3f8, 1.32890449E14, 1.8E-44
0xa116b5a75b147c3c6ee61c5cc70881dae7b8abb4, 3.03317189E11, 3.585131E-16
0x59a713d8f0fc902d9121ad13f17f76b52fa3f35d, 8.4708055E13, 1.5643001E-28
0xd063688e151549e26fb6ba7f3d37acd1a4a20faa, 2.25924776E14, 1.1958094E-5
0x0043a15b41be3259d57f1b2a0da5abe2c510e966, 1.0E10, 1.879023E-32
0x52a34a3e0eeed3b572786c05ddebed86a595c3a3, 3.75848541E12, 7.104655E-30
0x7739431ccb2f524a4433247b3d73e306ce8a1eac, 6.0559773E12, 2.8967174E-6
0x272a338fa5002910485ef6e9f4f75ea96bd9b7c1, 2.23823135E12, 3.0365876E-30
0x54f470c203a2c0d512c7682d5958999a56bb6592, 6.3121622E12, 14.383483
0x46fea1d324d451a58f05b85b7ee64c8d60850ff6, 8164.0, 1.344879E-9
0xe87dc9ee997436e828a346b26c2a4c5628699423, 1.345304E12, 2.5430244E-30
0x56082a7b347fcf404d47c190fada508839def694, 3.06457073E13, 7.996825E-31
0x30be417aa56092badc99e9987bca62382446c4b4, 1.83039322E13, 1.01360286E-29
0x94c95b473178812c0e9b8291e0f35735d74410f3, 1.21023932E14, 4.791477E-5
0x69889743e4f64f47c6e902d40b07ce0571e0906a, 2.18288144E11, 4.3E-44
0xfc29d25c5be7c7af818ee7a8dbd218e958f01a51, 5.278E12, 2.6745075E-9
0xb1f1020b3611ca94091cf700a1654a9155e7f32d, 2.77569937E13, 8.498878E-30
0x8ffd11026f8c74848b0c3c61c8bd3eff4df1fe5c, 8.1735487E12, 1.2866947E-15
0x8e07d8d606b49fa0326bf5ee2c29868e5827f96b, 4.7344501E12, 5.777871E-32
0x0d4f048bbc6ea6c6e3c27049e9644fae5dcd8c2a, 3446.0, 7.385138E-6
0xf37f03436eb678cf639f3ff5f9757b8e1d33a645, 5.0E8, 8.65889E-30
0x80702bca7d74b0ab6a06f822c99e3f3791919e2c, 3.5737999E13, 3.581026E-34
0x89bfcbdbf1561fee03e6a06e08725d919dc43b53, 1.43888771E12, 2.7199254E-30
